Name,URI,Popularity,Genres,Followers
BTS,spotify:artist:3Nrfpe0tUJi4K4DXYWgMUX,84,"['k-pop', 'k-pop boy group', 'pop']",72842035
Coldplay,spotify:artist:4gzpq5DPGxSnKTe4SA8HAU,84,"['permanent wave', 'pop']",50329384
Imagine Dragons,spotify:artist:53XhwfbYqKCa1cC15pYq2q,84,"['modern rock', 'pop', 'rock']",52339671
Fuerza Regida,spotify:artist:0ys2OFYzWYB5hRDLCsBqxt,85,"['corrido', 'corridos tumbados', 'sad sierreno', 'sierreno']",8749102
Arctic Monkeys,spotify:artist:7Ln80lUS6He07XvHI8qqHH,83,"['garage rock', 'modern rock', 'permanent wave', 'rock', 'sheffield indie']",24545058
Grupo Frontera,spotify:artist:6XkjpgcEsYab502Vr1bBeW,81,['musica chihuahuense'],3786307
Maroon 5,spotify:artist:04gDigrS5kc9YWfZHwBETP,82,['pop'],41382730
$uicideboy$,spotify:artist:1VPmR4DJC1PlOtd0IADAO0,83,"['cloud rap', 'dark trap', 'new orleans rap', 'underground hip hop']",7068971
Linkin Park,spotify:artist:6XyY86QOPPrYVGvF9ch6wz,83,"['alternative metal', 'nu metal', 'post-grunge', 'rap metal', 'rock']",25283061
One Direction,spotify:artist:4AK6F7OLvEQ5QYCBNiQWHq,81,"['boy band', 'pop', 'post-teen pop', 'talent show']",34853456
BLACKPINK,spotify:artist:41MozSoPIsD1dJM0CLPjZF,78,"['k-pop', 'k-pop girl group', 'pop']",48770065
Queen,spotify:artist:1dfeR4HaWDbWqFHLkxsg1d,81,"['classic rock', 'glam rock', 'rock']",49637508
NewJeans,spotify:artist:6HvZYsbFfjnjFrWF950C9d,77,"['k-pop', 'k-pop girl group']",7920009
The Beatles,spotify:artist:3WrFJ7ztbogyGnTHbHJFl2,81,"['british invasion', 'classic rock', 'merseybeat', 'psychedelic rock', 'rock']",27282156
The Neighbourhood,spotify:artist:77SW9BnxLY8rJ0RciFqkHh,80,"['modern alternative rock', 'modern rock', 'pop']",16199415
Stray Kids,spotify:artist:2dIgFjalVxs4ThymZ67YCE,79,"['k-pop', 'k-pop boy group', 'pop']",15315097
OneRepublic,spotify:artist:5Pwc4xIPtQLFEnJriah9YJ,81,"['piano rock', 'pop']",16882657
Eslabon Armado,spotify:artist:0XeEobZplHxzM9QzFQWLiR,74,"['corrido', 'corridos tumbados', 'sad sierreno', 'sierreno']",5458281
Red Hot Chili Peppers,spotify:artist:0L8ExT028jH3ddEcZwqJJ5,79,"['alternative rock', 'funk metal', 'funk rock', 'permanent wave', 'rock']",20627188
Metallica,spotify:artist:2ye2Wgw4gimLv2eAKyk1NB,78,"['hard rock', 'metal', 'old school thrash', 'rock', 'thrash metal']",26999501
Morat,spotify:artist:5C4PDR4LnhZTbVnKWXuDKD,78,"['colombian pop', 'latin viral pop']",11015528
Henrique & Juliano,spotify:artist:3p7PcrEHaaKLJnPUGOtRlT,79,"['agronejo', 'arrocha', 'musica tocantinense', 'sertanejo', 'sertanejo universitario']",21241217
Nirvana,spotify:artist:6olE6TJLqED3rqDCT0FyPh,79,"['grunge', 'permanent wave', 'rock']",19269907
Cigarettes After Sex,spotify:artist:1QAJqy2dA3ihHBFIHRphZj,79,"['ambient pop', 'dream pop', 'el paso indie', 'shoegaze']",10992064
Fleetwood Mac,spotify:artist:08GQAI4eElDnROBrJRGE0X,78,"['album rock', 'classic rock', 'rock', 'soft rock', 'yacht rock']",11375115
TWICE,spotify:artist:7n2Ycct7Beij7Dj7meI4X0,77,"['k-pop', 'k-pop girl group', 'pop']",20059807
Måneskin,spotify:artist:0lAWpj5szCSwM4rUMHYmrr,77,"['indie rock italiano', 'italian pop']",8994842
Grupo Firme,spotify:artist:1dKdetem2xEmjgvyymzytS,76,"['banda', 'musica mexicana', 'norteno', 'sierreno']",12472872
Black Eyed Peas,spotify:artist:1yxSLGMDHlW21z4YXirZDS,77,"['dance pop', 'pop', 'pop rap']",8065334
Radiohead,spotify:artist:4Z8W4fKeB5YxbusRsdQVPb,78,"['alternative rock', 'art rock', 'melancholia', 'oxford indie', 'permanent wave', 'rock']",9802414
Gorillaz,spotify:artist:3AA28KZvwAUcZuOKwyblJQ,76,"['alternative hip hop', 'modern rock', 'rock']",11542413
Vishal-Shekhar,spotify:artist:6Mv8GjQa7LKUGCAqa9qqdb,72,"['filmi', 'modern bollywood']",7145173
The Chainsmokers,spotify:artist:69GGBxA162lTqCwzJG5jLp,78,['pop'],20067223
ABBA,spotify:artist:0LcJLqbBmaGUft1e9Mm8HV,77,"['europop', 'swedish pop']",12050700
Jorge & Mateus,spotify:artist:1elUiq4X7pxej6FRlrEzjM,76,"['agronejo', 'arrocha', 'sertanejo', 'sertanejo universitario']",18910438
Grupo Marca Registrada,spotify:artist:1gW6pz5n1aK249L0GvfQCC,76,"['corrido', 'norteno', 'sad sierreno']",4132972
SEVENTEEN,spotify:artist:7nqOGRxlXj7N2JYbgNEjYH,78,"['k-pop', 'k-pop boy group']",11362413
Green Day,spotify:artist:7oPftvlwr6VrsViSDV7fJY,77,"['modern rock', 'permanent wave', 'punk', 'rock']",14804279
Twenty One Pilots,spotify:artist:3YQKmKGau1PzlVlkL1iodx,79,"['modern rock', 'pop', 'pov: indie', 'rock']",24083133
Fall Out Boy,spotify:artist:4UXqAaa6dQYAk18Lv7PEgX,76,"['emo', 'modern rock', 'pop', 'pop punk', 'rock']",10559107
Guns N' Roses,spotify:artist:3qm84nBOXUEQ2vnTfUTTFC,76,"['glam metal', 'hard rock', 'rock']",30547105
Creedence Clearwater Revival,spotify:artist:3IYUhFvPQItj6xySrBmZkd,78,"['album rock', 'classic rock', 'country rock', 'rock', 'southern rock', 'swamp rock']",6521766
Wisin & Yandel,spotify:artist:1wZtkThiXbVNtj6hee6dz9,75,"['electro latino', 'reggaeton', 'trap latino', 'urbano latino']",7202424
Chase Atlantic,spotify:artist:7cYEt1pqMgXJdq00hAwVpT,76,['alternative r&b'],7167290
Rammstein,spotify:artist:6wWVKhxIU2cEi0K81v7HvP,76,"['german metal', 'industrial', 'industrial metal', 'industrial rock', 'neue deutsche harte']",9566869
System Of A Down,spotify:artist:5eAWCfyUhZtHHtBdNk56l1,77,"['alternative metal', 'nu metal', 'rap metal', 'rock']",10537150
Banda MS de Sergio Lizárraga,spotify:artist:2C6i0I5RiGzDKN9IAF8reh,76,"['banda', 'musica mexicana', 'norteno']",17195476
Pink Floyd,spotify:artist:0k17h0D3J5VfsdmQ1iZtE9,75,"['album rock', 'art rock', 'classic rock', 'progressive rock', 'psychedelic rock', 'rock', 'symphonic rock']",20194584
TV Girl,spotify:artist:0Y6dVaC9DZtPNH4591M42W,79,['pov: indie'],6252023
Bob Marley & The Wailers,spotify:artist:2QsynagSdAqZj3U9HgDzjD,79,"['reggae', 'roots reggae']",12184503
Taylor Swift,spotify:artist:06HL4z0CvFAxyc27GXpf02,100,['pop'],109853002
Bad Bunny,spotify:artist:4q3ewBCX7sLwd24euuV69X,91,"['reggaeton', 'trap latino', 'urbano latino']",80996402
The Weeknd,spotify:artist:1Xyo4u8uXC1ZmMpatF05PJ,91,"['canadian contemporary r&b', 'canadian pop', 'pop']",83139658
Drake,spotify:artist:3TVXtAsR1Inumwj472S9r4,93,"['canadian hip hop', 'canadian pop', 'hip hop', 'pop rap', 'rap']",87528011
Peso Pluma,spotify:artist:12GqGscKJx3aE4t07u7eVZ,87,"['corridos tumbados', 'sad sierreno']",13387442
Feid,spotify:artist:2LRoIwlKmHjgvigdNGBHNo,88,"['colombian pop', 'pop reggaeton', 'reggaeton', 'reggaeton colombiano', 'trap latino', 'urbano latino']",11086647
Travis Scott,spotify:artist:0Y5tJX1MQlPlqiwlOH1tJY,90,"['rap', 'slap house']",29213926
SZA,spotify:artist:7tYKF4w9nC0nq9CsPZTHyP,88,"['pop', 'r&b', 'rap']",19787815
KAROL G,spotify:artist:790FomKkXshlbRYZFtlgla,86,"['reggaeton', 'reggaeton colombiano', 'trap latino', 'urbano latino']",46108903
Lana Del Rey,spotify:artist:00FQb4jTyendYWaN8pK0wa,87,"['art pop', 'pop']",34886416
21 Savage,spotify:artist:1URnnhqYAYcrqrcwql10ft,87,"['atl hip hop', 'hip hop', 'rap']",18400675
Anirudh Ravichander,spotify:artist:4zCH9qm4R2DADamUHMCa6O,79,"['desi hip hop', 'filmi', 'tamil hip hop']",28513154
Kanye West,spotify:artist:5K4W6rqBFWDnAN6FQUkS6x,89,"['chicago rap', 'hip hop', 'rap']",25232410
Metro Boomin,spotify:artist:0iEtIxbK0KxaSlF7G42ZOp,90,['rap'],8027605
Eminem,spotify:artist:7dGJo4pcD2V6oG8kP0tJRR,87,"['detroit hip hop', 'hip hop', 'rap']",83853140
Ed Sheeran,spotify:artist:6eUKZXaKkcviH0Ku9w2n3V,84,"['pop', 'singer-songwriter pop', 'uk pop']",113928979
Rihanna,spotify:artist:5pKCCKE2ajJHZ9KAiaK11H,87,"['barbadian pop', 'pop', 'urban contemporary']",59779490
Junior H,spotify:artist:7Gi6gjaWy3DxyilpF1a8Is,86,"['corrido', 'corridos tumbados', 'musica mexicana', 'sad sierreno', 'sierreno']",15787015
Morgan Wallen,spotify:artist:4oUHIQIBe0LHzYfvXNW4QM,86,['contemporary country'],9312463
Rauw Alejandro,spotify:artist:1mcTU81TzQhprhouKaTkpq,86,"['puerto rican pop', 'reggaeton', 'trap latino', 'urbano latino']",21572892
Shakira,spotify:artist:0EmeFodog0BfCgMzAIvKQp,83,"['colombian pop', 'dance pop', 'latin pop', 'pop']",32829237
Ariana Grande,spotify:artist:66CXWjxzNUsdJxJ2JdwvnR,90,['pop'],96203070
Billie Eilish,spotify:artist:6qqNVTkY8uBg9cP3Jd7DAH,86,"['art pop', 'pop']",93772195
Post Malone,spotify:artist:246dkjvS1zLTtiykXe5h60,87,"['dfw rap', 'melodic rap', 'pop', 'rap']",43821391
Justin Bieber,spotify:artist:1uNFoZAHBGtllmzznpCI3s,86,"['canadian pop', 'pop']",74831805
Future,spotify:artist:1RyvyyTE3xzB2ZywiAwp0i,90,"['atl hip hop', 'hip hop', 'rap', 'southern hip hop', 'trap']",16941914
Pritam,spotify:artist:1wRPtKGflJrBx9BmLsSwlU,84,"['filmi', 'indian instrumental', 'modern bollywood']",31146125
Miley Cyrus,spotify:artist:5YGY8feqx7naU7z4HrwZM6,81,['pop'],23819999
Harry Styles,spotify:artist:6KImCVD70vtIoJWnq6nGn3,82,['pop'],31970265
David Guetta,spotify:artist:1Cs0zKBU1kc0i8ypK3B9ai,85,"['big room', 'dance pop', 'edm', 'pop', 'pop dance']",25438250
Kendrick Lamar,spotify:artist:2YZyLoL8N0Wb9xBt1NhZWg,90,"['conscious hip hop', 'hip hop', 'rap', 'west coast rap']",28656288
Doja Cat,spotify:artist:5cj0lLjcoR7YOSnhnX0Po5,84,"['dance pop', 'pop']",29743303
Anuel AA,spotify:artist:2R21vXR83lH98kGeO99Y66,84,"['reggaeton', 'reggaeton flow', 'trap boricua', 'trap latino', 'urbano latino']",35372372
Bruno Mars,spotify:artist:0du5cEVh5yTK9QJze8zA0C,85,"['dance pop', 'pop']",55161295
Quevedo,spotify:artist:52iwsT98xCoGgiGntTiR7K,79,"['rap canario', 'trap latino', 'urbano latino']",4416394
Dua Lipa,spotify:artist:6M2wZ9GZgrQXHCFfjv46we,86,"['dance pop', 'pop', 'uk pop']",43291435
Olivia Rodrigo,spotify:artist:1McMsnEElThX1knmY4oliG,86,['pop'],35719952
Juice WRLD,spotify:artist:4MCBfE4596Uoi2O4DtmEMz,83,"['chicago rap', 'melodic rap', 'rap']",33522349
Natanael Cano,spotify:artist:0elWFr7TW8piilVRYJUe4P,86,"['corrido', 'corridos tumbados', 'musica mexicana', 'sad sierreno', 'sierreno']",12483610
Myke Towers,spotify:artist:7iK8PXO48WeuP03g8YR51W,85,"['reggaeton', 'trap latino', 'urbano latino']",14690638
Bizarrap,spotify:artist:716NhGYqD1jl2wI1Qkgq36,82,"['argentine hip hop', 'pop venezolano', 'trap argentino', 'trap latino', 'urbano latino']",15128789
Luis Fonsi,spotify:artist:4V8Sr092TqfHkfAA5fXXqG,71,"['latin pop', 'puerto rican pop']",10473415
Ozuna,spotify:artist:1i8SpTcr7yvPOmcqrbnVXY,83,"['puerto rican pop', 'reggaeton', 'trap latino', 'urbano latino']",36508683
Lil Baby,spotify:artist:5f7VJjfbwm532GiveGC0ZK,82,"['atl hip hop', 'atl trap', 'rap', 'trap']",17342631
Tom Odell,spotify:artist:2txHhyCwHjUEpJjWrEyqyX,73,['chill pop'],3801248
Stephen Sanchez,spotify:artist:5XKFrudbV4IiuE5WuTPRmT,73,['gen z singer-songwriter'],1385045
"Tyler, The Creator",spotify:artist:4V8LLVI7PbaPR0K2TGSxFF,82,"['hip hop', 'rap']",14893816
Miguel,spotify:artist:360IAlyVv4PCEVjgyMZrxK,76,"['r&b', 'urban contemporary']",5026083
The Kid LAROI,spotify:artist:2tIP7SsRs7vjIcLrU85W8J,75,['australian hip hop'],5268995
Glass Animals,spotify:artist:4yvcSjfu4PC0CYQyLy4wSq,72,"['gauze pop', 'indietronica', 'modern rock', 'pov: indie', 'shiver pop']",4096522
Chris Brown,spotify:artist:7bXgB6jMjp9ATFy66eO08Z,84,"['r&b', 'rap']",21617555
Lewis Capaldi,spotify:artist:4GNC7GD6oZMSxPGyXy4MNB,77,"['pop', 'uk pop']",12454027
Ruth B.,spotify:artist:2WzaAvm2bBCf4pEhyuDgCY,70,"['alt z', 'canadian contemporary r&b', 'canadian pop', 'pop']",3445183
J. Cole,spotify:artist:6l3HvQ5sa6mXTsMTB19rO5,84,"['conscious hip hop', 'hip hop', 'north carolina hip hop', 'rap']",23445923
Elton John,spotify:artist:3PhoLpVuITZKcymswpck5b,80,"['glam rock', 'mellow gold', 'piano rock', 'rock']",13183828
Rosa Linn,spotify:artist:46xBNx0j6cwY6sD9LgMTm1,66,['alt z'],366701
Vance Joy,spotify:artist:10exVja0key0uqUkk6LJRT,72,"['folk-pop', 'modern rock']",3057628
Adele,spotify:artist:4dpARuHxo51G3z768sgnrY,81,"['british soul', 'pop', 'pop soul', 'uk pop']",55192538
Tears For Fears,spotify:artist:4bthk9UfsYUYdcFyqxmSUU,71,"['new romantic', 'new wave', 'new wave pop', 'permanent wave', 'rock', 'sophisti-pop', 'synthpop']",3396549
Lord Huron,spotify:artist:6ltzsmQQbmdoHHbLZ4ZN25,73,"['indie folk', 'stomp and holler']",1560802
Macklemore & Ryan Lewis,spotify:artist:5BcAKTbp20cv7tC5VqPFoC,69,"['pop rap', 'seattle hip hop']",2529257
Tory Lanez,spotify:artist:2jku7tDXc6XoB6MO2hFuqg,77,"['canadian hip hop', 'canadian trap', 'melodic rap', 'pop rap', 'r&b', 'rap', 'trap']",6642452
Hotel Ugly,spotify:artist:35WVTyRnKAoaGExqgktVyb,72,['modern indie pop'],640735
Keane,spotify:artist:53A0W3U0s8diEn9RhXQhVz,71,"['neo mellow', 'piano rock', 'pop rock']",3332077
Zach Bryan,spotify:artist:40ZNYROS4zLfyyBSs2PGe2,85,['classic oklahoma country'],3848453
INTERWORLD,spotify:artist:5hKGLu4Ik88FzWcTPhWNTN,66,['phonk brasileiro'],746647
Sia,spotify:artist:5WUlDfRSoLAfcVSX1WnrxN,81,"['australian dance', 'australian pop', 'pop']",27784787
Frank Ocean,spotify:artist:2h93pZq0e7k5yf4dywlkpM,82,"['lgbtq+ hip hop', 'neo soul']",13742327
The Police,spotify:artist:5NGO30tJxFlKixkPSgXcFE,73,"['album rock', 'classic rock', 'permanent wave', 'rock']",6027274
Lizzy McAlpine,spotify:artist:1GmsPCcpKgF9OhlNXjOsbS,70,"['alt z', 'boston folk', 'indie pop', 'singer-songwriter pop']",911299
Steve Lacy,spotify:artist:57vWImR43h4CaDao012Ofp,77,['afrofuturism'],4536831
Hozier,spotify:artist:2FXC3k01G6Gw61bmprjgqS,84,"['irish singer-songwriter', 'modern rock', 'pov: indie']",7027254
James Arthur,spotify:artist:4IWBUUAFIplrNtaOHcJPRM,78,"['pop', 'talent show', 'uk pop']",16733613
The Walters,spotify:artist:027TpXKGwdXP7iwbjUSpV8,68,"['chicago indie', 'pov: indie']",695614
Øneheart,spotify:artist:0dgJbQ0bKPyUXco8hEXN7X,72,['hardwave'],664326
Mora,spotify:artist:0Q8NcsJwoCbZOHHW63su5S,79,"['trap latino', 'urbano latino']",4818813
Daryl Hall & John Oates,spotify:artist:77tT1kLj6mCWtFNqiOmP9H,73,"['album rock', 'classic rock', 'heartland rock', 'mellow gold', 'rock', 'singer-songwriter', 'soft rock', 'yacht rock']",2385442
Don Omar,spotify:artist:33ScadVnbm2X8kkUqOkC6Z,80,"['latin hip hop', 'puerto rican pop', 'reggaeton', 'trap latino', 'urbano latino']",11357116
LiSA,spotify:artist:0blbVefuxOGltDBa00dspv,64,"['anime', 'anime rock', 'j-pixie', 'j-pop']",3107584
Coolio,spotify:artist:3y24n3XhZ96wgwRXjvS17T,65,"['g funk', 'gangster rap', 'hip hop', 'west coast rap']",1101102
Avicii,spotify:artist:1vCWHaC5f2uS3yhpwWbIA6,78,"['dance pop', 'edm', 'pop', 'pop dance']",22688264
XXXTENTACION,spotify:artist:15UsOTVnJzReFVN1VCnxy4,83,"['emo rap', 'miami hip hop', 'rap']",44554217
Conan Gray,spotify:artist:4Uc8Dsxct0oMqx0P6i60ea,76,"['bedroom pop', 'pop', 'pov: indie']",9581298
Lil Uzi Vert,spotify:artist:4O15NlyKLIASxsJ0PrXPfz,81,"['hip hop', 'melodic rap', 'philly rap', 'rage rap', 'rap', 'trap']",17057168
Luke Combs,spotify:artist:718COspgdWOnwOFpJHRZHS,81,"['contemporary country', 'country']",10449017
YoungBoy Never Broke Again,spotify:artist:7wlFDEWiM5OoIAt8RSli8b,79,"['baton rouge rap', 'rap']",12594858
Gunna,spotify:artist:2hlmm7s2ICUX0LVIhVFlZQ,82,"['atl hip hop', 'melodic rap', 'rap', 'trap']",7130581
Mac Miller,spotify:artist:4LLpKhyESsyAXpc4laK94U,79,"['hip hop', 'pittsburgh rap', 'rap']",10352799
Lil Durk,spotify:artist:3hcs9uc56yIGFCSy9leWe7,78,"['chicago drill', 'chicago rap', 'drill', 'hip hop', 'rap', 'trap']",7430245
Yeat,spotify:artist:3qiHUAX7zY4Qnjx8TNUzVx,81,"['pluggnb', 'rage rap']",4760631
Lil Wayne,spotify:artist:55Aa2cqylxrFIXC767Z865,82,"['hip hop', 'new orleans rap', 'pop rap', 'rap', 'trap']",14482659
Rod Wave,spotify:artist:45TgXXqMDdF8BkjA83OM7z,74,['florida rap'],7077375
Nicki Minaj,spotify:artist:0hCNtLu0JehylgoiP8L4Gh,83,"['hip pop', 'pop', 'queens hip hop', 'rap']",31056430
Brent Faiyaz,spotify:artist:3tlXnStJ1fFhdScmQeLpuG,81,"['r&b', 'rap']",5872611
Beyoncé,spotify:artist:6vWDO969PvNqNYHIOW5v0m,87,"['pop', 'r&b']",37325852
Noah Kahan,spotify:artist:2RQXRUsr4IW1f3mKyKsy4B,83,['pov: indie'],2744697
Polo G,spotify:artist:6AgTAQt8XS6jRWi4sX7w49,77,"['chicago rap', 'rap']",11205329
Trippie Redd,spotify:artist:6Xgp2XMz1fhVYe7i6yNAax,78,"['melodic rap', 'rap', 'trap']",9479758
Kodak Black,spotify:artist:46SHBwWsqBkxI7EeeBEQG7,77,"['florida drill', 'florida rap', 'melodic rap', 'miami hip hop', 'rap', 'trap', 'trap latino']",10453882
Jung Kook,spotify:artist:6HaGTQPmzraVmaVxvz6EUc,83,['k-pop'],14227964
Rema,spotify:artist:46pWGuE3dSwY3bMMXGBvVS,73,"['afrobeats', 'nigerian pop']",4429893
Yng Lvcas,spotify:artist:1NNRWkhwmcXRimFYSBpB1y,67,"['reggaeton', 'urbano mexicano']",345260
Sam Smith,spotify:artist:2wY79sveU1sp5g7SokKOiI,80,"['pop', 'uk pop']",23612429
Manuel Turizo,spotify:artist:0tmwSHipWxN12fsoLcFU3B,80,"['colombian pop', 'latin pop', 'reggaeton', 'reggaeton colombiano', 'trap latino', 'urbano latino']",13529633
PinkPantheress,spotify:artist:78rUTD7y6Cy67W1RVzYs7t,72,['bedroom pop'],3261450
David Kushner,spotify:artist:33NVpKoXjItPwUJTMZIOiY,73,"['gen z singer-songwriter', 'singer-songwriter pop']",2140722
Yandel,spotify:artist:0eHQ9o50hj6ZDNBt6Ys1sD,77,"['latin hip hop', 'reggaeton', 'trap latino', 'urbano latino']",7549439
FIFTY FIFTY,spotify:artist:4GJ6xDCF5jaUqD6avOuQT6,64,['k-pop girl group'],1575856
d4vd,spotify:artist:5y8tKLUfMvliMe8IKamR32,76,['bedroom pop'],2539906
JVKE,spotify:artist:164Uj4eKjl6zTBKfJLFKKK,73,"['modern indie pop', 'pov: indie', 'singer-songwriter pop']",4301207
Jimin,spotify:artist:1oSPZhvZMIrWW5I41kPkkY,78,['k-pop'],8168973
RAYE,spotify:artist:5KKpBU5eC2tJDzf0wmlRp2,76,"['uk contemporary r&b', 'uk pop']",1425545
Lil Nas X,spotify:artist:7jVv8c5Fj3E9VhNjxT4snq,72,['lgbtq+ hip hop'],12401984
Kate Bush,spotify:artist:1aSxMhuvixZ8h9dK9jIDwL,67,"['art pop', 'art rock', 'baroque pop', 'new wave pop', 'permanent wave', 'piano rock', 'singer-songwriter']",1916814
Jack Harlow,spotify:artist:2LIk90788K0zvyj2JJVwkJ,78,"['deep underground hip hop', 'kentucky hip hop', 'pop rap', 'rap']",3760262
Joji,spotify:artist:3MZsBdqDrRTJihTHQrO6Dq,75,['viral pop'],9476709
Anitta,spotify:artist:7FNnA9vBm6EKceENgCGRMb,79,"['funk pop', 'funk rj', 'pagode baiano', 'pop', 'pop nacional']",12389428
Lizzo,spotify:artist:56oDRnqbIiwx4mymNEv7dS,67,"['escape room', 'minnesota hip hop', 'pop', 'trap queen']",5710685
Charlie Puth,spotify:artist:6VuMaDnrHyPL1p4EHjYLi7,77,"['pop', 'viral pop']",22558824
Charity Gayle,spotify:artist:57YsESW6BGZLHQgOg8AiAq,58,"['apostolic worship', 'ccm', 'world worship', 'worship']",166601
ROSALÍA,spotify:artist:7ltDVBr6mKbRvohxheJ9h1,75,"['pop', 'r&b en espanol']",8106980
Dove Cameron,spotify:artist:2W8yFh0Ga6Yf3jiayVxwkE,67,['pop'],4912321
Camila Cabello,spotify:artist:4nDoRrQiYLoBzwC5BhVJzF,77,"['dance pop', 'pop']",32858090
Elley Duhé,spotify:artist:67MNhiAICFY6Pwc2YxCO0K,72,['alt z'],537633
Carolina Gaitán - La Gaita,spotify:artist:29PgYEggDV3cDP9QYTogwv,53,['movie tunes'],62233
Cris Mj,spotify:artist:1Yj5Xey7kTwvZla8sqdsdE,82,"['mambo chileno', 'trap latino', 'urbano chileno', 'urbano latino']",2399064
Labrinth,spotify:artist:2feDdbD5araYcm6JhFHHw7,75,"['indie poptimism', 'pop']",3222856
Lost Frequencies,spotify:artist:7f5Zgnp2spUuuzKplmRkt7,75,"['belgian edm', 'edm', 'pop dance', 'tropical house']",2790941
Nicky Youre,spotify:artist:7qmpXeNz2ojlMl2EEfkeLs,64,['singer-songwriter pop'],235336
Jaymes Young,spotify:artist:6QrQ7OrISRYIfS5mtacaw2,63,[],932699
Becky G,spotify:artist:4obzFoKoKRHIphyHzJ35G3,75,"['latin pop', 'latin viral pop', 'rap latina', 'reggaeton', 'trap latino', 'urbano latino']",14462403
Megan Thee Stallion,spotify:artist:181bsRPaVXVlUKXrxwZfHK,76,"['houston rap', 'pop', 'r&b', 'rap', 'trap queen']",8995129
Demi Lovato,spotify:artist:6S2OmqARrzebs0tKUEyXyp,74,"['pop', 'post-teen pop']",26312269
Shawn Mendes,spotify:artist:7n2wHs1TKAczGzO7Dd2rGr,78,"['canadian pop', 'pop', 'viral pop']",42541834
The Rare Occasions,spotify:artist:1QfpRUtH14JLoY6F6AYmwt,62,['la indie'],377975
Lauren Spencer Smith,spotify:artist:79AyR6ATpj2LTPxfb6FX50,65,"['alt z', 'gen z singer-songwriter', 'singer-songwriter pop']",1393776
Tate McRae,spotify:artist:45dkTj5sMRSjrmBSBeiHym,81,['pop'],5276033
Omar Apollo,spotify:artist:5FxD8fkQZ6KcsSYupDVoSO,65,"['bedroom pop', 'bedroom soul']",978229
Meghan Trainor,spotify:artist:6JL8zeS1NmiOftqZTRgdTz,75,"['hip pop', 'pop']",14859514
Latto,spotify:artist:3MdXrJWsbVzdn6fe5JYkSQ,74,['trap queen'],1589663
Central Cee,spotify:artist:5H4yInM5zmHqpKIoMNAx4r,76,"['melodic drill', 'r&drill']",5256228
Kali Uchis,spotify:artist:1U1el3k54VvEUzo3ybLPlM,81,['colombian pop'],7093250
Giveon,spotify:artist:4fxd5Ee7UefO4CUXgwJ7IP,73,['r&b'],3748952
Masked Wolf,spotify:artist:1uU7g3DNSbsu0QjSEqZtEd,61,['australian hip hop'],731169
CKay,spotify:artist:048LktY5zMnakWq7PTtFrz,65,"['afro r&b', 'afrobeats']",1457747
Wizkid,spotify:artist:3tVQdUvClmAT7URs9V3rsp,74,"['afrobeats', 'afropop', 'azonto', 'nigerian hip hop', 'nigerian pop']",5309150
Tiësto,spotify:artist:2o5jDhtHVPhrJdv3cEQ99Z,82,"['big room', 'brostep', 'dutch edm', 'edm', 'house', 'pop dance', 'slap house', 'trance']",7247340
Cardi B,spotify:artist:4kYSro6naA4h99UJvo89HB,77,"['pop', 'rap']",23715163
Selena Gomez,spotify:artist:0C8ZW7ezQVs4URX5aX7Kqx,78,"['pop', 'post-teen pop']",49149171
Duncan Laurence,spotify:artist:3klZnJvYGIbWritVwQD434,62,['dutch pop'],560365
Bella Poarch,spotify:artist:26cMerAxjx9GedFt0lMDjm,60,['modern alternative pop'],1286659
Lorde,spotify:artist:163tK9Wjr9P9DmM0AVK7lm,72,"['art pop', 'metropopolis', 'nz pop', 'pop']",9942847
Roddy Ricch,spotify:artist:757aE44tKEUQEqRuT6GnEB,73,"['melodic rap', 'rap', 'trap']",10482230
Lil Tjay,spotify:artist:6jGMq4yGs7aQzuGsMgVgZR,75,"['brooklyn drill', 'melodic rap', 'nyc rap', 'rap']",8364314
CJ,spotify:artist:7arQA31aZVS8yS6zUveWzb,57,['nyc rap'],237904
24kGoldn,spotify:artist:6fWVd57NKTalqvmjRd2t8Z,67,"['cali rap', 'pop rap']",2205277
THE ANXIETY,spotify:artist:64H8UqGLbJFHwKtGxiV8OP,55,['modern alternative pop'],175339
Internet Money,spotify:artist:6MPCFvOQv5cIGfw3jODMF0,64,"['pop rap', 'trap']",818344
DJ Snake,spotify:artist:540vIaP2JwjQb9dm3aArA4,75,"['edm', 'electronic trap', 'pop', 'pop dance']",8571811
Pop Smoke,spotify:artist:0eDvMgVFoNV3TpwtrVCoTj,76,"['brooklyn drill', 'rap']",14048141
Joel Corry,spotify:artist:6DgP9otnZw5z6daOntINxp,68,"['dance pop', 'pop dance', 'uk dance']",413330
Saweetie,spotify:artist:6cK3NBO6uP7hh0oyuVELFl,67,"['cali rap', 'trap queen']",2181771
Guns N' Roses,spotify:artist:3qm84nBOXUEQ2vnTfUTTFC,76,"['glam metal', 'hard rock', 'rock']",30547105
WILLOW,spotify:artist:3rWZHrfrsPBxVy692yAIxF,69,"['afrofuturism', 'pop', 'post-teen pop', 'pov: indie']",2542506
Farruko,spotify:artist:329e4yvIujISKGKz1BZZbO,79,"['reggaeton', 'trap latino', 'urbano latino']",15563547
Marshmello,spotify:artist:64KEffDW9EtZ1y2vBYgq8T,80,"['brostep', 'edm', 'pop', 'progressive electro house']",33591879
Oliver Tree,spotify:artist:6TLwD7HPWuiOzvXEa3oCNe,67,['alternative hip hop'],2435315
StarBoi3,spotify:artist:2WgfkM8S11vg4kxLgDY3F5,47,['viral rap'],34733
Arizona Zervas,spotify:artist:0vRvGUQVUjytro0xpb26bs,59,"['indie pop rap', 'pop rap', 'rhode island rap']",746474
Lil Mosey,spotify:artist:5zctI4wO9XSKS8XwcnqEHk,65,"['melodic rap', 'rap conscient']",5444971
Powfu,spotify:artist:6bmlMHgSheBauioMgKv2tn,65,"['sad lo-fi', 'sad rap']",1289530
DaBaby,spotify:artist:4r63FhuTkUYltbVAg5TQnk,75,"['hip hop', 'north carolina hip hop', 'pop rap', 'rap', 'trap']",11893521
Don Toliver,spotify:artist:4Gso3d4CscCijv0lmajZWs,80,"['pop rap', 'rap', 'trap']",4233306
Trevor Daniel,spotify:artist:7uaIm6Pw7xplS8Dy06V6pT,61,['melodic rap'],818653
SAINt JHN,spotify:artist:0H39MdGGX6dbnnQPt6NQkZ,64,"['melodic rap', 'slap house']",1050229
Surfaces,spotify:artist:4ETSs924pXMzjIeD6E9b4u,64,['bedroom soul'],928194
Lady Gaga,spotify:artist:1HY2Jd0NmPuamShAr6KMms,81,"['art pop', 'dance pop', 'pop']",29777566
Maluma,spotify:artist:1r4hJ1h58CWwUQe3MxPuau,81,"['latin pop', 'reggaeton', 'reggaeton colombiano', 'trap latino', 'urbano latino']",33637791
JP Saxe,spotify:artist:66W9LaWS0DPdL7Sz8iYGYe,61,"['alt z', 'canadian contemporary r&b', 'singer-songwriter pop']",507005
StaySolidRocky,spotify:artist:1XLWox9w1Yvbodui0SRhUQ,58,['melodic rap'],220414
blackbear,spotify:artist:2cFrymmkijnjDg9SS92EPM,71,['pop'],4933739
BENEE,spotify:artist:0Cp8WN4V8Tu4QJQwCN5Md4,60,"['alt z', 'nz pop']",790014
Surf Mesa,spotify:artist:1lmU3giNF3CSbkVSQmLpHQ,58,['pop edm'],171168
Topic,spotify:artist:0u6GtibW46tFX7koQ6uNJZ,69,"['german dance', 'pop dance', 'pop edm', 'uk dance']",245167
Ritt Momney,spotify:artist:7MPGCB854Qo4alYMOPkBka,52,['bedroom pop'],138464
J Balvin,spotify:artist:1vyhD5VmyZ7KMfW5gqLgo5,83,"['reggaeton', 'reggaeton colombiano', 'trap latino', 'urbano latino']",36498292
Jawsh 685,spotify:artist:56mfhUDKa1vec6rSLZV5Eg,56,['nz pop'],122614
mgk,spotify:artist:6TIYQ3jFPwQSRmorSezPxX,75,"['ohio hip hop', 'pop rap']",5225969
DJ Khaled,spotify:artist:0QHgL1lAIqAw0HtD7YldmP,72,"['hip hop', 'miami hip hop', 'pop rap', 'rap']",11265131
THE SCOTTS,spotify:artist:2PaZWGu5T5nHjY2xxAkFsT,53,[],230181
Halsey,spotify:artist:26VFTg2z8YR0cCuwLzESi2,78,"['electropop', 'etherpop', 'indie poptimism', 'pop']",21418420
Noah Cyrus,spotify:artist:55fhWPvDiMpLnE4ZzNXZyW,70,"['alt z', 'pop']",1292486
PARTYNEXTDOOR,spotify:artist:2HPaUgqeutzr3jx5a9WyDV,77,"['r&b', 'rap', 'urban contemporary']",6507905
Jonas Brothers,spotify:artist:7gOdHgIoIKoe4i9Tta6qdD,73,"['boy band', 'pop']",7533033
Melanie Martinez,spotify:artist:63yrD80RY3RNEM2YDpUpO8,77,"['alt z', 'electropop', 'pop']",20073150
Jason Derulo,spotify:artist:07YZf4WDAMNwqr4jfgOZ8y,75,"['dance pop', 'pop']",11953067
Aya Nakamura,spotify:artist:7IlRNXHjoOCgEAWN5qYksg,69,"['basshall', 'pop urbaine', 'r&b francais']",4518351
5 Seconds of Summer,spotify:artist:5Rl15oVamLq7FbSb0NNBNy,73,"['boy band', 'pop']",9882677
Ashe,spotify:artist:6P5NO5hzJbuOqSdyPB7SJM,65,['alt z'],1565447
Alec Benjamin,spotify:artist:5IH6FPUwQTxPSXurCrcIov,73,"['alt z', 'pop', 'pov: indie']",5025802
Panic! At The Disco,spotify:artist:20JZFwl6HVl6yg8a4H3ZqK,74,"['modern rock', 'pop']",12134050
Regard,spotify:artist:4ofCBoyEiGSePFAG500xev,65,"['pop dance', 'pop edm', 'slap house', 'uk dance']",247320
Lil Tecca,spotify:artist:4Ga1P7PMIsmqEZqhYZQgDo,77,"['melodic rap', 'pluggnb', 'rap']",7261499
Gesaffelstein,spotify:artist:3hteYQFiMFbJY7wS0xDymP,69,['dark clubbing'],607258
A Boogie Wit da Hoodie,spotify:artist:31W5EY0aAly4Qieq6OFu6I,77,"['melodic rap', 'rap', 'trap']",8143488
Daddy Yankee,spotify:artist:4VMYDCV2IEDYJArk749S6m,82,"['latin hip hop', 'reggaeton', 'trap latino', 'urbano latino']",33602315
Meek Mill,spotify:artist:20sxb77xiYeusSH8cVdatc,70,"['hip hop', 'philly rap', 'pop rap', 'rap', 'southern hip hop', 'trap']",7797641
Kehlani,spotify:artist:0cGUm45nv7Z6M6qdXYQGTX,71,"['pop', 'r&b', 'rap']",7604547
Daveed Diggs,spotify:artist:3twuAojvYNrlWZpMkxLm3P,67,"['alternative hip hop', 'show tunes']",110802
Tones And I,spotify:artist:2NjfBq1NflQcKSeiDooVjY,67,['australian pop'],2930327
Mabel,spotify:artist:1MIVXf74SZHmTIp4V4paH4,63,"['pop', 'uk pop']",1992185
Dominic Fike,spotify:artist:6USv9qhCn6zfxlBQIYJ9qs,75,"['alternative pop rock', 'pov: indie']",1669264
Kygo,spotify:artist:23fqKkggKUBHNkbKtXEls4,77,"['edm', 'pop', 'pop dance', 'tropical house']",8322301
Dan + Shay,spotify:artist:7z5WFjZAIYejWy0NI5lv4T,67,"['contemporary country', 'country', 'country road']",3142152
Mustard,spotify:artist:0YinUQ50QDB7ZxSCLyQ40k,67,"['cali rap', 'pop rap', 'rap', 'southern hip hop', 'trap']",1179426
Paulo Londra,spotify:artist:3vQ0GE3mI0dAaxIMYe5g7z,71,"['argentine hip hop', 'trap argentino', 'trap latino', 'urbano latino']",22497611
Mark Ronson,spotify:artist:3hv9jJF3adDNsBSIQDqcjp,72,['pop soul'],1073181
Lunay,spotify:artist:47MpMsUfWtgyIIBEFOr4FE,69,"['reggaeton', 'reggaeton flow', 'trap latino', 'urbano latino']",9398481
Pedro Capó,spotify:artist:4QVBYiagIaa6ZGSPMbybpy,64,"['latin pop', 'puerto rican pop']",1583613
Maggie Rogers,spotify:artist:4NZvixzsSefsNiIqXn0NDe,69,['indie pop'],1084233
Calvin Harris,spotify:artist:7CajNmpbOovFoOoasH2HaY,83,"['dance pop', 'edm', 'electro house', 'house', 'pop', 'pop dance', 'progressive house', 'uk dance']",22531151
MEDUZA,spotify:artist:0xRXCcSX89eobfrshSVdyu,72,"['edm', 'pop dance', 'pop house', 'uk dance']",753670
Khalid,spotify:artist:6LuN9FCkKOj5PcnpouEgny,81,"['pop', 'pop r&b']",16106491
Flipp Dinero,spotify:artist:2HUwZ0kumzCSlhFcjFZfpp,53,"['melodic rap', 'trap']",1288299
Sech,spotify:artist:77ziqFxp5gaInVrF2lj4ht,78,"['panamanian pop', 'reggaeton', 'trap latino', 'urbano latino']",11888510
Katy Perry,spotify:artist:6jJ0s89eD6GaHleKKya26X,81,['pop'],32940037
Normani,spotify:artist:2cWZOOzeOm4WmBJRnD5R7I,65,"['pop', 'r&b']",2671683
Freya Ridings,spotify:artist:5pDjmC5mRl7vDJhsjVwNfk,56,['uk pop'],400959
Ed Sheeran & Justin Bieber,spotify:artist:1WsYCXdezMjn0KoIrLvMmC,57,[],9173
Young Thug,spotify:artist:50co4Is1HCEo8bhOyUWKpn,80,"['atl hip hop', 'atl trap', 'gangster rap', 'melodic rap', 'rap', 'trap']",9853748
Tom Walker,spotify:artist:7z2avKuuiMAT4XZJFv8Rvh,63,"['indie anthem-folk', 'uk pop']",1187924
Offset,spotify:artist:4DdkRBBYG6Yk9Ka8tdJ9BW,76,"['atl hip hop', 'hip hop', 'pop rap', 'rap', 'trap']",3968956
Sam Feldt,spotify:artist:20gsENnposVs2I4rQ5kvrf,67,"['edm', 'pop dance', 'tropical house']",766683
Kane Brown,spotify:artist:3oSJ7TBVCWMDMiYjXNiCKE,71,"['black americana', 'contemporary country', 'country', 'country road']",5363964
Russ Millions,spotify:artist:3FoFW2AoUGRHBacC6i4x4p,62,"['melodic drill', 'uk drill']",872225
P!nk,spotify:artist:1KCSPY1glIKqW2TotWuXOR,77,"['dance pop', 'pop']",16527673
Dermot Kennedy,spotify:artist:5KNNVgR6LBIABRIomyCwKJ,68,"['folk-pop', 'irish pop', 'uk pop']",1530833
Sigala,spotify:artist:1IueXOQyABrMOprrzwQJWN,65,"['dance pop', 'edm', 'pop dance', 'uk dance']",1553924
Jonas Blue,spotify:artist:1HBjj22wzbscIZ9sEb5dyf,70,"['pop', 'pop dance', 'tropical house', 'uk dance']",3729013
Anne-Marie,spotify:artist:1zNqDE7qDGCsyzJwohVaoX,75,['pop'],11807475
NF,spotify:artist:6fOMl44jA4Sp5b9PpYCkzz,76,"['hip hop', 'pop rap']",9782424
Dynoro,spotify:artist:3v6Ji4uoWtKRkhuDUaxi9n,62,['edm'],271435
Zedd,spotify:artist:2qxJFvFYMEDqd7ui6kSAcq,70,"['complextro', 'edm', 'german techno', 'pop', 'pop dance']",5881870
Dennis Lloyd,spotify:artist:3EOEK57CV77D4ovYVcmiyt,62,['israeli pop'],672254
George Ezra,spotify:artist:2ysnwxxNtSgbb9t1m2Ur4j,70,"['folk-pop', 'neo-singer-songwriter']",4156297
G-Eazy,spotify:artist:02kJSzxNuaWGqwubyUba0Z,75,"['indie pop rap', 'oakland hip hop', 'pop rap', 'rap']",5273511
Sheck Wes,spotify:artist:2RDOrhPqAM4jzTRCEb19qX,60,"['pop rap', 'rap', 'trap']",1590526
Dean Lewis,spotify:artist:3QSQFmccmX81fWCUSPTS7y,72,"['australian pop', 'pop']",3117216
Nicky Jam,spotify:artist:1SupJlEpv7RS2tPNRaHViT,77,"['latin hip hop', 'reggaeton', 'trap latino', 'urbano latino']",18551764
Piso 21,spotify:artist:4bw2Am3p9ji3mYsXNXtQcd,69,"['colombian pop', 'latin pop', 'reggaeton', 'reggaeton colombiano', 'trap latino', 'urbano latino']",8970022
Migos,spotify:artist:6oMuImdp5ZcFhWP0ESe6mG,72,"['atl hip hop', 'hip hop', 'pop rap', 'rap', 'trap']",13743387
Nio Garcia,spotify:artist:5hdhHgpxyniooUiQVaPxQ0,67,"['reggaeton', 'trap latino', 'urbano latino']",5250303
benny blanco,spotify:artist:5CiGnKThu5ctn9pBxv7DGa,69,['pop'],1146456
Bazzi,spotify:artist:4GvEc3ANtPPjt1ZJllr5Zl,66,['pop'],5441863
Hailee Steinfeld,spotify:artist:5p7f24Rk5HkUZsaS3BLG5F,65,['pop'],8780836
Bebe Rexha,spotify:artist:64M6ah0SkkRsnPGtGiRAbb,77,"['dance pop', 'pop']",9044810
Ella Mai,spotify:artist:7HkdQ0gt53LP4zmHsL0nap,65,"['r&b', 'rap', 'uk contemporary r&b']",5453150
Zac Efron,spotify:artist:6U1dBXJhC8gXFjamvFTmHg,64,"['hollywood', 'movie tunes', 'post-teen pop']",819491
The 1975,spotify:artist:3mIj9lX2MWuHmhNCA7LSCW,73,"['modern alternative rock', 'modern rock', 'pop', 'pov: indie', 'rock']",7150342
Rudimental,spotify:artist:4WN5naL3ofxrVBgFpguzKo,69,"['pop dance', 'uk dance', 'uk funky']",1349983
Florida Georgia Line,spotify:artist:3b8QkneNDz4JHKKKlLgYZg,70,"['contemporary country', 'country', 'country pop', 'country road', 'modern country rock']",5368372
Hugh Jackman,spotify:artist:5F1aoppMtU3OMiltO8ymJ2,64,"['hollywood', 'show tunes']",596193
Jay Rock,spotify:artist:28ExwzUQsvgJooOI0X1mr3,69,"['conscious hip hop', 'hip hop', 'rap', 'southern hip hop', 'trap']",1465978
Justin Timberlake,spotify:artist:31TPClRtHm23RisEBtV3X7,79,"['dance pop', 'pop']",13971092
Tyga,spotify:artist:5LHRHt1k9lMyONurDHEdrp,75,"['hip hop', 'pop rap', 'rap', 'southern hip hop', 'trap']",6801181
Clean Bandit,spotify:artist:6MDME20pz9RveH9rEXvrOM,71,"['pop', 'uk dance', 'uk funky']",5397694
Childish Gambino,spotify:artist:73sIBHcqh3Z3NyqHKZ7FOL,75,"['atl hip hop', 'hip hop', 'rap']",12555935
Rich The Kid,spotify:artist:1pPmIToKXyGdsCF6LmqLmI,74,"['atl hip hop', 'melodic rap', 'plugg', 'rap', 'trap']",3278667
Keala Settle,spotify:artist:7HV2RI2qNug4EcQqLbCAKS,61,"['broadway', 'hollywood', 'show tunes']",163619
King Princess,spotify:artist:6beUvFUlKliUYJdLOXNj9C,53,"['alt z', 'indie pop', 'nyc pop']",1706957
Sofía Reyes,spotify:artist:0haZhu4fFKt0Ag94kZDiz2,62,"['latin pop', 'latin viral pop', 'mexican pop']",3076292
Logic,spotify:artist:4xRYI6VqpkE3UwrDrAZL8L,71,"['conscious hip hop', 'hip hop', 'pop rap', 'rap']",6024073
MKTO,spotify:artist:2l35CQqtYRh3d8ZIiBep4v,63,"['pop', 'post-teen pop']",1056698
YG,spotify:artist:0A0FS04o6zMoto8OKPsDwY,69,"['cali rap', 'hip hop', 'pop rap', 'rap', 'southern hip hop', 'trap']",3249471
Rae Sremmurd,spotify:artist:7iZtZyCzp3LItcw1wtPI3D,67,"['melodic rap', 'mississippi hip hop', 'pop rap', 'rap', 'trap']",7368049
Robin Thicke,spotify:artist:0ZrpamOxcZybMHGg1AYtHP,60,"['dance pop', 'neo soul', 'pop rap', 'r&b', 'urban contemporary']",1913065
Daft Punk,spotify:artist:4tZwfgrHOc3mvqYlEYSvVi,77,"['electro', 'filter house', 'rock']",9838343
Of Monsters and Men,spotify:artist:4dwdTW1Lfiq0cM8nBAqIIz,65,"['folk-pop', 'metropopolis', 'modern rock', 'stomp and holler']",3474967
Pitbull,spotify:artist:0TnOYISbd1XYRBk9myaseg,81,"['dance pop', 'miami hip hop', 'pop']",10287027
Paramore,spotify:artist:74XFHRwlV6OrjEM0A2NCMF,74,"['candy pop', 'modern rock', 'pixie', 'pop', 'pop emo', 'pop punk', 'rock']",8429252
will.i.am,spotify:artist:085pc2PYOi8bGKj0PNjekA,70,"['dance pop', 'pop']",4103534
John Newman,spotify:artist:34v5MVKeQnIo0CWYMbbrPf,66,['dance pop'],724663
A$AP Rocky,spotify:artist:13ubrt8QOOCPljQ2FL1Kca,81,"['east coast hip hop', 'hip hop', 'rap', 'trap']",13993416
Icona Pop,spotify:artist:1VBflYyxBhnDc9uVib98rw,65,"['candy pop', 'dance pop', 'electropop', 'metropopolis', 'swedish electropop', 'swedish synthpop']",694232
Bastille,spotify:artist:7EQ0qTo7fWT7DPxmxtSYEc,72,"['metropopolis', 'modern rock', 'pop']",5494027
Armin van Buuren,spotify:artist:0SfsnGyD8FpIN4U4WCkBZ5,72,"['dutch trance', 'edm', 'pop dance', 'progressive house', 'trance']",4288138
Klangkarussell,spotify:artist:041iTeoMIwXMlShuQPIVKo,58,"['austrian pop', 'deep euro house']",408763
Bridgit Mendler,spotify:artist:4VhL8KLjVso4vLfOLVViTb,57,"['pop', 'post-teen pop']",1323791
2 Chainz,spotify:artist:17lzZA2AlOHwCwFALHttmp,72,"['atl hip hop', 'hip hop', 'pop rap', 'rap', 'southern hip hop', 'trap']",7967044
Sebastian Ingrosso,spotify:artist:6hyMWrxGBsOx6sWcVj1DqP,58,"['dutch house', 'edm', 'electro house', 'pop dance', 'progressive electro house', 'progressive house']",954715
Michael Bublé,spotify:artist:1GxkXlMwML1oSg5eLPiAz3,70,"['adult standards', 'canadian pop', 'jazz pop', 'lounge']",6238511
Ellie Goulding,spotify:artist:0X2BH1fck6amBIoJhDVmmJ,76,"['indietronica', 'metropopolis', 'pop', 'uk pop']",12342671
Wale,spotify:artist:67nwj3Y5sZQLl72VNUHEYE,66,"['pop rap', 'r&b', 'rap', 'southern hip hop', 'trap']",4114052
Ciara,spotify:artist:2NdeV5rLm47xAvogXrYhJX,67,"['dance pop', 'hip pop', 'pop', 'r&b', 'urban contemporary']",6487678
Ylvis,spotify:artist:2lEOFtf3cCyzomQcMHJGfZ,45,['comic'],164686
The Lumineers,spotify:artist:16oZKvXb6WkQlVAjwo2Wbg,74,"['folk-pop', 'modern rock', 'neo mellow', 'stomp and holler']",5363529
JAY-Z,spotify:artist:3nFkdlSjzX9mRTtwJOzDYB,80,"['east coast hip hop', 'gangster rap', 'hip hop', 'pop rap', 'rap']",9032916
Disclosure,spotify:artist:6nS5roXSAGhTGr34W6n7Et,70,"['edm', 'house', 'indietronica', 'uk dance']",2166435
Lily Allen,spotify:artist:13saZpZnCDWOI9D4IJhp1f,64,"['dance pop', 'electropop']",2020488
Flo Rida,spotify:artist:0jnsk9HBra6NMjO2oANoPY,77,"['dance pop', 'miami hip hop', 'pop', 'pop rap']",8453440
Olly Murs,spotify:artist:3whuHq0yGx60atvA2RCVRW,62,"['dance pop', 'pop', 'talent show', 'uk pop']",3183813
Naughty Boy,spotify:artist:1bT7m67vi78r2oqvxrP3X5,57,['uk contemporary r&b'],334047
Blake Shelton,spotify:artist:1UTPBmNbXNTittyMJrNkvw,66,"['classic oklahoma country', 'contemporary country', 'country', 'country road', 'modern country rock']",7098375
Baauer,spotify:artist:25fqWEebq6PoiGQIHIrdtv,46,"['electro house', 'electronic trap']",192260
Christina Perri,spotify:artist:7H55rcKCfwqkyDFH9wpKM6,68,['pop'],3756608
The Saturdays,spotify:artist:15qI5w4XJFLRMwOp2VrlD5,45,"['dance pop', 'girl group', 'post-teen pop', 'talent show']",748092
Nelly,spotify:artist:2gBjLmx6zQnFGQJCAQpRgw,71,"['dance pop', 'gangster rap', 'hip hop', 'pop rap', 'rap', 'st louis rap', 'urban contemporary']",2775006
Mumford & Sons,spotify:artist:3gd8FJtBJtkRxdfbTu19U2,68,"['modern folk rock', 'modern rock', 'neo mellow', 'stomp and holler', 'uk americana']",6371483
Birdy,spotify:artist:2WX2uTcsvV5OnS0inACecP,67,"['neo mellow', 'uk pop', 'viral pop']",3662178
CHVRCHES,spotify:artist:3CjlHNtplJyTf9npxaPl5w,59,"['indietronica', 'metropopolis', 'neo-synthpop', 'shimmer pop']",1381654
Duke Dumont,spotify:artist:61lyPtntblHJvA7FMMhi7E,63,"['edm', 'house', 'pop dance', 'progressive house', 'uk dance']",721156
Passenger,spotify:artist:0gadJ2b9A4SKsB1RFkBb66,67,"['folk-pop', 'neo mellow']",3276766
AWOLNATION,spotify:artist:4njdEjTnLfcGImKZu1iSrz,58,"['la indie', 'modern alternative rock', 'modern rock', 'rock', 'stomp pop']",2064094
Phillip Phillips,spotify:artist:6p5JxpTc7USNnBnLzctyd4,57,"['folk-pop', 'neo mellow', 'pop rock']",1106069
Kodaline,spotify:artist:4BxCuXFJrSWGi1KHcVqaU4,65,"['irish pop', 'modern rock', 'neo mellow']",3030977
LMFAO,spotify:artist:3sgFRtyBnxXD5ESfmbK4dl,63,"['dance pop', 'pop', 'pop rap']",4101737
Foster The People,spotify:artist:7gP3bB2nilZXLfPHJhMdvc,69,"['indietronica', 'modern alternative rock', 'modern rock', 'rock']",3736352
GROUPLOVE,spotify:artist:3kVUvbeRdcrqQ3oHk5hPdx,62,"['indie rock', 'la indie', 'modern alternative rock', 'modern rock', 'pov: indie']",1167171
Selena Gomez & The Scene,spotify:artist:6dJeKm76NjfXBNTpHmOhfO,64,['pop'],9614348
Gym Class Heroes,spotify:artist:4IJczjB0fJ04gs4uvP0Fli,66,"['dance pop', 'pop rap']",1460653
Jennifer Lopez,spotify:artist:2DlGxzQSjYe5N6G9nkYghR,72,"['dance pop', 'pop', 'urban contemporary']",12853903
The Wanted,spotify:artist:2NhdGz9EDv2FeUw6udu2g1,60,"['boy band', 'dance pop', 'pop', 'post-teen pop']",2484328
M83,spotify:artist:63MQldklfxkjYDoUE4Tppz,67,"['french shoegaze', 'french synthpop', 'indietronica', 'metropopolis', 'neo-synthpop']",2343321
Waka Flocka Flame,spotify:artist:6f4XkbvYlXMH0QgVRzW0sM,62,"['atl hip hop', 'dirty south rap', 'rap', 'southern hip hop', 'trap']",2653999
Eric Church,spotify:artist:2IvkS5MXK0vPGnwyJsrEyV,70,"['contemporary country', 'country', 'country road']",3812582
Wiz Khalifa,spotify:artist:137W8MRPWKqSmrBGDBFSop,78,"['hip hop', 'pittsburgh rap', 'pop rap', 'rap', 'southern hip hop', 'trap']",10962705
Jessie Murph,spotify:artist:2yLzlEFtIS0Q9UkyBZdQA7,70,"['modern country pop', 'singer-songwriter pop']",948172
Kesha,spotify:artist:6LqNN22kT3074XbTVUrhzX,75,"['dance pop', 'pop']",7813283
Jeremih,spotify:artist:3KV3p5EY4AvKxOlhGHORLg,70,"['chicago rap', 'pop rap', 'r&b', 'southern hip hop', 'trap', 'urban contemporary']",6548595
Avril Lavigne,spotify:artist:0p4nmQO2msCgU4IF37Wi3j,72,"['canadian pop', 'candy pop', 'dance pop', 'pop']",10818926
Cobra Starship,spotify:artist:2aYJ5LAta2ScCdfLhKgZOY,54,"['neon pop punk', 'pop punk', 'post-teen pop']",494022
USHER,spotify:artist:23zg3TcAtWQy7J6upgbUnj,78,"['atl hip hop', 'contemporary r&b', 'dance pop', 'pop', 'r&b', 'rap', 'south carolina hip hop', 'urban contemporary']",11343955
Hot Chelle Rae,spotify:artist:6jTnHxhb6cDCaCu4rdvsQ0,52,"['dance rock', 'neon pop punk', 'post-teen pop']",553682
Bad Meets Evil,spotify:artist:77IURH5NC56Jn09QHi76is,56,['detroit hip hop'],1676964
Snoop Dogg,spotify:artist:7hJcb9fa4alzcOq3EaNPoG,78,"['g funk', 'gangster rap', 'hip hop', 'pop rap', 'rap', 'west coast rap']",11598103
Lupe Fiasco,spotify:artist:01QTIT5P1pFP3QnnFSdsJf,63,"['chicago rap', 'conscious hip hop', 'hip hop', 'political hip hop', 'pop rap', 'rap', 'southern hip hop']",1860721
Dream Supplier,spotify:artist:6Cqtx9fpxzggIMuKn0RGCp,75,[],4179
Diddy - Dirty Money,spotify:artist:2QYEvpsWUOjqaYuxDPTCmV,48,['pop rap'],120749
Britney Spears,spotify:artist:26dSoYclwsYLMAKD3tpOr4,78,"['dance pop', 'pop']",14363283
Nickelback,spotify:artist:6deZN1bslXzeGvOLaLMOIF,74,"['alternative metal', 'canadian rock', 'post-grunge']",6724163
Swedish House Mafia,spotify:artist:1h6Cn3P4NGzXbaXidqURXs,71,"['edm', 'pop dance', 'progressive electro house']",3730586
Enrique Iglesias,spotify:artist:7qG3b048QCHVRO5Pv1T5lw,75,"['dance pop', 'latin pop', 'mexican pop']",10867492
Kelly Rowland,spotify:artist:3AuMNF8rQAKOzjYppFNAoB,65,"['atl hip hop', 'dance pop', 'hip pop', 'r&b', 'urban contemporary']",3443380
Florence + The Machine,spotify:artist:1moxjboGR7GNWYIMWsRjgG,77,"['baroque pop', 'electropop', 'modern rock', 'neo mellow', 'uk alternative pop']",6650496
James Morrison,spotify:artist:3LpLGlgRS1IKPPwElnpW35,58,['neo mellow'],1524516
Keri Hilson,spotify:artist:63wjoROpeh5f11Qm93UiJ1,66,"['dance pop', 'hip pop', 'r&b', 'urban contemporary']",1966535
Lady A,spotify:artist:32WkQRZEVKSzVAAYqukAEA,63,"['contemporary country', 'country', 'country dawn', 'country pop', 'country road']",3659189
Taio Cruz,spotify:artist:6MF9fzBmfXghAz953czmBC,66,"['dance pop', 'pop', 'pop rap']",2196909
The Band Perry,spotify:artist:75FnCoo4FBxH5K1Rrx0k5A,52,"['contemporary country', 'country', 'country dawn', 'country road']",1576514
Chase & Status,spotify:artist:3jNkaOXasoc7RsxdchvEVq,67,"['dancefloor dnb', 'drum and bass', 'uk dance']",899985
Far East Movement,spotify:artist:698hF4vcwHwPy8ltmXermq,62,"['asian american hip hop', 'dance pop', 'pop rap']",1073541
Rizzle Kicks,spotify:artist:2ajhZ7EA6Dec0kaWiKCApF,48,"['talent show', 'uk hip hop']",327938
Charlene Soraia,spotify:artist:0qk8MxMzgnfFECvDO3cc0X,36,['neo-singer-songwriter'],46276
Lykke Li,spotify:artist:6oBm8HB0yfrIc9IHbxs6in,66,"['electropop', 'indietronica', 'neo-synthpop', 'swedish electropop', 'swedish indie pop', 'swedish pop']",1846981
Nicole Scherzinger,spotify:artist:40xbWSB4JPdOkRyuTDy1oP,58,"['dance pop', 'pop', 'post-teen pop']",2388371
DJ Jazzy Jeff & The Fresh Prince,spotify:artist:1mG23iQeR29Ojhq89D5gbh,48,"['golden age hip hop', 'old school hip hop', 'philly rap']",382724
King Chip,spotify:artist:5NjUjtjtkzZqRuWFdspT1K,46,['ohio hip hop'],22275
Noah And The Whale,spotify:artist:0aeLcja6hKzb7Uz2ou7ulP,45,['stomp and holler'],457669
Sak Noel,spotify:artist:15jrieCvf3EklAScnD9kKl,48,[],130080
Mannie Fresh,spotify:artist:0fbFfVckGKsDbAfYnB5mD1,51,"['bounce', 'dirty south rap']",249904
Example,spotify:artist:6Vh6UDWfu9PUSXSzAaB3CW,53,"['hip house', 'uk dance']",313806
Professor Green,spotify:artist:0oJM3iJjMdzgsd4z5VHQvw,44,['grime'],341736
Sean Paul,spotify:artist:3Isy6kedDrgPYoTS1dazA9,77,"['dance pop', 'dancehall', 'pop', 'pop rap']",4626269
Nelly Furtado,spotify:artist:2jw70GZXlAI8QzWeY2bgRc,73,"['canadian latin', 'canadian pop', 'dance pop', 'pop']",3821855
Keyshia Cole,spotify:artist:1vfezMIyCr4XUdYRaKIKi3,66,"['hip pop', 'r&b', 'urban contemporary']",3841860
Gnarls Barkley,spotify:artist:5SbkVQYYzlw1kte75QIabH,61,"['atl hip hop', 'neo soul']",532504
Snow Patrol,spotify:artist:3rIZMv9rysU7JkLzEaC5Jp,65,"['irish rock', 'modern rock', 'neo mellow', 'permanent wave', 'pop rock']",2957147
The Fray,spotify:artist:0zOcE3mg9nS6l3yxt1Y0bK,67,"['neo mellow', 'piano rock', 'pop', 'pop rock']",3981759
Corinne Bailey Rae,spotify:artist:29WzbAQtDnBJF09es0uddn,61,"['british soul', 'neo soul', 'pop soul', 'soul']",779842
Muse,spotify:artist:12Chz98pHFMPJEknJQMWvI,72,"['alternative rock', 'modern rock', 'permanent wave', 'rock']",7744033
YoungBoy Never Broke Again,spotify:artist:7wlFDEWiM5OoIAt8RSli8b,79,"['baton rouge rap', 'rap']",12594858
My Chemical Romance,spotify:artist:7FBcuc1gsnv6Y1nwFtNRCb,74,"['emo', 'modern rock', 'pop punk', 'pov: indie', 'rock']",8440492
Amy Winehouse,spotify:artist:6Q192DXotxtaysaqNPy5yR,76,"['british soul', 'neo soul']",8707619
The Kooks,spotify:artist:1GLtl8uqKmnyCWxHmw9tL4,65,"['brighton indie', 'garage rock', 'modern rock', 'rock']",2523165
The Killers,spotify:artist:0C0XlULifJtAgn6ZNCW2eu,74,"['alternative rock', 'dance rock', 'modern rock', 'permanent wave', 'rock']",7247250
Cassie,spotify:artist:27FGXRNruFoOdf1vP8dqcH,61,"['dance pop', 'hip pop', 'pop rap', 'r&b', 'urban contemporary']",1573574
John Mayer,spotify:artist:0hEurMDQu99nJRq8pTxO14,73,"['neo mellow', 'singer-songwriter']",5939238
Take That,spotify:artist:1XgFuvRd7r5g0h844A5ZUQ,63,"['boy band', 'europop', 'talent show']",1304058
The Pussycat Dolls,spotify:artist:6wPhSqRtPu1UhRCDX5yaDJ,65,"['dance pop', 'girl group', 'pop']",5585196
Evanescence,spotify:artist:5nGIFgo0shDenQYSE0Sn7c,70,['alternative metal'],4407307
James Blunt,spotify:artist:7KMqksf0UMdyA0UCf4R3ux,68,['neo mellow'],2934147
Lil Jon,spotify:artist:7sfl4Xt5KmfyDs2T3SVSMK,70,"['atl hip hop', 'crunk', 'dance pop', 'dirty south rap', 'old school atlanta hip hop', 'pop rap', 'southern hip hop', 'trap']",1554597
The Fratellis,spotify:artist:3M4ThdJR28z9eSMcQHAZ5G,57,"['garage rock', 'modern rock', 'scottish rock']",841105
Chamillionaire,spotify:artist:6vdMPayKk8YJxxeNP5oMCb,54,"['dirty south rap', 'southern hip hop']",855860
Rascal Flatts,spotify:artist:0a1gHP0HAqALbEyxaD5Ngn,65,"['contemporary country', 'country', 'country road']",3536005
Paolo Nutini,spotify:artist:7x5rK9BClDQ8wmCkYAGsQp,62,"['british soul', 'neo mellow', 'scottish singer-songwriter']",1395201
The Notorious B.I.G.,spotify:artist:5me0Irg2ANcsgc93uaYrpb,74,"['east coast hip hop', 'gangster rap', 'hardcore hip hop', 'hip hop', 'rap']",10107217
D4L,spotify:artist:4AllEJE7mVkhhyUV6DjqPz,47,"['atl hip hop', 'crunk', 'dirty south rap', 'old school atlanta hip hop', 'southern hip hop']",326079
Mary J. Blige,spotify:artist:1XkoF8ryArs86LZvFOkbyr,67,"['dance pop', 'hip pop', 'neo soul', 'r&b', 'urban contemporary']",3786417
The All-American Rejects,spotify:artist:3vAaWhdBR38Q02ohXqaNHT,63,"['alternative metal', 'modern rock', 'neo mellow', 'neon pop punk', 'pop punk', 'pop rock', 'post-grunge']",2611662
Yung Joc,spotify:artist:23LbwefIODbyGdRbAz3urj,60,"['atl hip hop', 'crunk', 'dirty south rap', 'southern hip hop', 'trap']",805442
Madonna,spotify:artist:6tbjWDEIzxoDsBA1FuhfPW,78,"['dance pop', 'pop']",7726547
KT Tunstall,spotify:artist:5zzrJD2jXrE9dZ1AklRFcL,59,"['ectofolk', 'lilith', 'neo mellow', 'pop rock', 'scottish singer-songwriter']",418109
Chingy,spotify:artist:3s2wTjWxK8NOX09dmsvVOh,56,"['crunk', 'dirty south rap', 'hip pop', 'pop rap', 'southern hip hop']",945180
Ty Dolla $ign,spotify:artist:7c0XG5cIJTrrAgEC3ULPiq,82,"['hip hop', 'pop rap', 'r&b', 'southern hip hop', 'trap', 'trap soul']",5226364
Cascada,spotify:artist:0N0d3kjwdY2h7UVuTdJGfp,65,"['eurodance', 'europop', 'german techno', 'melbourne bounce international']",516822
Razorlight,spotify:artist:450iujbtN6XgiA9pv6fVZz,51,['britpop'],555176
Cherish,spotify:artist:1c70yCa8sRgIiQxl3HOEFo,60,"['atl hip hop', 'girl group', 'hip pop', 'r&b', 'southern hip hop', 'urban contemporary']",617583
E-40,spotify:artist:3crnzLy8R4lVwaigKEOz7V,63,"['cali rap', 'hyphy', 'oakland hip hop', 'west coast rap']",873040
Christina Aguilera,spotify:artist:1l7ZsJRRS8wlW3WfJfPfNS,74,"['dance pop', 'pop']",8163971
Dem Franchize Boyz,spotify:artist:0VKTLKamj4IH8OfQbUL0kq,46,"['atl hip hop', 'crunk', 'dirty south rap', 'southern hip hop']",472461
Scissor Sisters,spotify:artist:3Y10boYzeuFCJ4Qgp53w6o,56,"['dance pop', 'dance rock']",543679
Bubba Sparxxx,spotify:artist:3RPYHNSwe3w0mtfJwKIN9P,50,"['atl hip hop', 'country rap', 'dirty south rap', 'southern hip hop']",400430
Fergie,spotify:artist:3r17AfJCCUqC9Lf0OAc73G,66,"['dance pop', 'pop']",5670878
Ludacris,spotify:artist:3ipn9JLAPI5GUEo4y4jcoi,74,"['atl hip hop', 'dance pop', 'dirty south rap', 'hip hop', 'old school atlanta hip hop', 'pop rap', 'rap', 'southern hip hop', 'trap']",2909007
Sandi Thom,spotify:artist:3xnfpcM4DC9zeHVuDhYICB,38,"['candy pop', 'scottish singer-songwriter']",27359
Infernal,spotify:artist:2nnBn2iyqkuOBj85nhGp1k,43,['eurodance'],31558
Busta Rhymes,spotify:artist:1YfEcTuGvBQ8xSD1f53UnK,68,"['east coast hip hop', 'hardcore hip hop', 'hip hop', 'pop rap', 'rap']",2709172
Jibbs,spotify:artist:4USNIVeRwXIAdbVSTqelbh,38,['dirty south rap'],103837
McFly,spotify:artist:47izDDvtOxxz3FzHYuUptd,53,"['boy band', 'talent show']",463359
Leona Lewis,spotify:artist:5lKZWd6HiSCLfnDGrq9RAm,62,"['british soul', 'dance pop', 'pop', 'talent show']",3529016
The Raconteurs,spotify:artist:4wo1267SJuUfHgasdlfNfc,52,"['alternative rock', 'garage rock', 'garage rock revival', 'indie rock', 'modern blues rock', 'modern rock', 'rock', 'supergroup']",892570
Bob Sinclar,spotify:artist:5YFS41yoX0YuFY39fq21oN,67,"['disco house', 'filter house']",610250
Diddy,spotify:artist:59wfkuBoNyhDMQGCljbUbA,68,"['dance pop', 'east coast hip hop', 'hip hop', 'hip pop', 'pop rap', 'rap']",1663735
Meckalicious,spotify:artist:73qW2yiq0OBOBtKPsU3YYi,32,[],386
Nizlopi,spotify:artist:7HorCYRsMBxPIRFYQE4Ch9,28,[],20405
Orson's Library,spotify:artist:5n0BuzcgaUOeZFWxetkykT,28,['instrumental lullaby'],55
LL COOL J,spotify:artist:1P8IfcNKwrkQP5xJWuhaOC,59,"['east coast hip hop', 'golden age hip hop', 'hip hop', 'old school hip hop', 'queens hip hop', 'rap']",1673337
Hinder,spotify:artist:6BMhCQJYHxxKAeqYS1p5rY,58,"['alternative metal', 'nu metal', 'post-grunge']",1863033
Armand Van Helden,spotify:artist:3cQA9WH8liZfeja1DxcDYE,60,"['big beat', 'classic house', 'deep house', 'disco house', 'filter house', 'house', 'speed garage', 'uk dance', 'vocal house']",259121
Nick Lachey,spotify:artist:6ewMqjrF31lC8ywRsvm073,39,"['idol', 'post-teen pop']",217973
Hoobastank,spotify:artist:2MqhkhX4npxDZ62ObR5ELO,63,"['alternative metal', 'funk metal', 'nu metal', 'pop rock', 'post-grunge']",2479048
Outkast,spotify:artist:1G9G7WwrXka3Z1r7aIDjI7,72,"['atl hip hop', 'dirty south rap', 'hip hop', 'old school atlanta hip hop', 'rap', 'southern hip hop']",2613492
Alicia Keys,spotify:artist:3DiDSECUqqY1AuBP8qtaIa,75,"['neo soul', 'pop', 'r&b']",11631497
Franz Ferdinand,spotify:artist:0XNa1vTidXlvJ2gHSsRi4A,63,"['alternative rock', 'dance rock', 'indie rock', 'modern rock', 'rock', 'scottish rock']",2596611
3 Doors Down,spotify:artist:2RTUTCvo6onsAnheUk3aL9,67,"['alternative metal', 'nu metal', 'post-grunge', 'rock']",4311754
Joan Jett & the Blackhearts,spotify:artist:1Fmb52lZ6Jv7FMWXXTPO3K,62,"['glam punk', 'rock']",819109
Eric Prydz,spotify:artist:5sm0jQ1mq0dusiLtDJ2b4R,61,"['edm', 'electro house', 'house', 'pop dance', 'progressive electro house', 'progressive house']",615713
Baby Bash,spotify:artist:12PSlydMSjEHzSCj9X5qv7,59,"['chicano rap', 'latin hip hop', 'pop rap', 'southern hip hop', 'texas latin rap', 'urban contemporary']",932132
Juanes,spotify:artist:0UWZUmn7sybxMCqrw9tGa7,73,"['colombian pop', 'latin pop', 'mexican pop', 'rock en espanol']",4688806
D12,spotify:artist:5Qi4Bb7a8C0a00NZcA77L0,61,"['detroit hip hop', 'gangster rap', 'hip hop']",3067705
Twista,spotify:artist:6vbY3hOaCAhC7VjucswgdS,63,"['chicago rap', 'dirty south rap', 'gangster rap', 'trap']",1068114
The Rasmus,spotify:artist:76ptJV8617638xrpeoUtzl,53,"['finnish alternative rock', 'funk metal']",480437
Kevin Lyttle,spotify:artist:1GaBsp1ICIp1e6udgE7fba,54,"['soca', 'vincy soca']",95393
Tim McGraw,spotify:artist:6roFdX1y5BYSbp60OTJWMd,68,"['contemporary country', 'country', 'country road']",4477835
Nina Sky,spotify:artist:6eBYLQONaYZhZNAVK061t6,54,['hip pop'],135822
Gary Jules,spotify:artist:5oRnbmgqvvq7fVlgk4vcEa,47,['neo mellow'],82791
Spiderbait,spotify:artist:6P7kkhED6EPrfoZuxz20Fo,50,"['australian alternative rock', 'australian rock']",153902
U2,spotify:artist:51Blml2LZPmy7TTiAg47vQ,74,"['irish rock', 'permanent wave', 'rock']",12068355
Terror Squad,spotify:artist:2BvzbqWWwLN11XGBYgDZzx,48,"['bronx hip hop', 'dirty south rap', 'hardcore hip hop', 'hip pop', 'southern hip hop']",234266
Eamon,spotify:artist:1y20PpXw0yeuJ1avCD0Ob9,48,[],70365
D.e.s.t.i.n.y C.h.i.l.d,spotify:artist:4SWtbRwDNcECk2BNdkxKBh,0,[],4
Gwen Stefani,spotify:artist:4yiQZ8tQPux8cPriYMWUFP,70,"['dance pop', 'pop']",6447017
Anastacia,spotify:artist:2siHvYaxjaW5rKVRiIrMYH,57,[],385775
JUVENILE,spotify:artist:0rG0AZBscc8S8q1ahIsasI,55,"['bounce', 'crunk', 'dirty south rap', 'new orleans rap', 'southern hip hop', 'trap']",989159
Five For Fighting,spotify:artist:7FgMLbnZVrEnir95O0YujA,53,"['neo mellow', 'piano rock', 'pop rock']",848617
Mario Winans,spotify:artist:4BIQA9vRkqXEnA2twmq7mU,53,[],60824
G-Unit,spotify:artist:6evKD5JWJON3qPBJtUEmtY,59,"['detroit hip hop', 'gangster rap', 'hardcore hip hop', 'hip hop', 'nyc rap', 'pop rap', 'queens hip hop', 'rap', 'southern hip hop']",2409202
LMC,spotify:artist:69QKcDt724e93ZYkBSjsYP,43,"['bouncy house', 'uk dance']",7072
Petey Pablo,spotify:artist:4Js9eYwAf9rypNtV8pNSw9,56,"['crunk', 'dirty south rap', 'north carolina hip hop', 'southern hip hop']",559373
Ying Yang Twins,spotify:artist:44PA0rCQXikgOWbfY7Fq7m,59,"['atl hip hop', 'crunk', 'dirty south rap', 'old school atlanta hip hop', 'southern hip hop']",1096210
No Doubt,spotify:artist:0cQbJU1aAzvbEmTuljWLlF,66,"['dance pop', 'dance rock', 'permanent wave', 'pop rock', 'rock']",2778036
Whitney Houston,spotify:artist:6XpaIBNiVzIetEPCWDvAFP,73,"['dance pop', 'pop']",10013928
Lloyd,spotify:artist:1Xfmvd48oOhEWkscWyEbh9,62,"['hip pop', 'r&b', 'southern hip hop', 'trap', 'urban contemporary']",2263350
The Streets,spotify:artist:4GvOygVQquMaPm8oAc0vXi,54,"['birmingham hip hop', 'uk garage']",483951
Special D.,spotify:artist:4EViwTsUibZWyo1K5EgrJt,45,"['eurodance', 'hands up']",47744
George Michael,spotify:artist:19ra5tSw0tWufvUp8GotLo,70,['new wave pop'],4750798
Lloyd Banks,spotify:artist:3vDUJHQtqT3jFRZ2ECXDTi,59,"['detroit hip hop', 'gangster rap', 'hardcore hip hop', 'hip hop', 'pop rap', 'queens hip hop', 'rap', 'trap']",1343962
Sugababes,spotify:artist:7rZNSLWMjTbwdLNskFbzFf,55,"['dance pop', 'europop', 'girl group', 'talent show']",688301
Rise Against,spotify:artist:6Wr3hh341P84m3EI8qdn9O,67,"['alternative metal', 'chicago hardcore', 'chicago punk', 'hardcore punk', 'modern rock', 'post-grunge', 'punk']",2676046
Ashanti,spotify:artist:5rkVyNGXEgeUqKkB5ccK83,68,"['dance pop', 'hip pop', 'r&b', 'urban contemporary']",3031603
Avant,spotify:artist:0AunegKKH2ys98aLxq8G1A,52,"['contemporary r&b', 'r&b', 'urban contemporary']",1432018
Girls Aloud,spotify:artist:12EtLdLfJ41vUOoVzPZIUy,50,"['europop', 'girl group', 'talent show']",525806
N.E.R.D,spotify:artist:5wPoxI5si3eJsYYwyXV4Wi,52,"['hip hop', 'virginia hip hop']",834970
J-Kwon,spotify:artist:1Zz5UxfKSSqc6hpa3xJPCw,48,"['dirty south rap', 'southern hip hop']",271652
Gavin DeGraw,spotify:artist:5DYAABs8rkY9VhwtENoQCz,57,"['neo mellow', 'pop rock']",1255215
Ashlee Simpson,spotify:artist:4hqDqHtBlgxXpLXVYf7c8L,43,"['dance pop', 'post-teen pop']",964685
Dido,spotify:artist:2mpeljBig2IXLXRAFO9AAs,72,"['dance pop', 'europop', 'lilith', 'neo mellow', 'pop rock']",1783626
Christina Milian,spotify:artist:4eAOcbAXIF4BmbN6E1QIlw,48,"['dance pop', 'hip pop', 'r&b', 'urban contemporary']",1368096
Will Young,spotify:artist:2U6gqwyl9F33YxawnFrZG7,43,['talent show'],368069
Jessica Simpson,spotify:artist:2tFN9ubMXEhdAQvdQxcsma,43,"['dance pop', 'post-teen pop']",1279953
Sheryl Crow,spotify:artist:4TKTii6gnOnUXQHyuo9JaD,64,"['lilith', 'new wave pop', 'permanent wave', 'pop rock', 'singer-songwriter']",1157432
Kylie Minogue,spotify:artist:4RVnAU35WRWra6OZ3CbbMA,68,"['australian dance', 'australian pop', 'dance pop', 'eurodance', 'new wave pop']",1960843
Busted,spotify:artist:3Z6IRCo7umuk8K2XQy0ZDj,51,"['boy band', 'talent show']",264743
Damian Lemar Hudson,spotify:artist:4L1YBxxAxQx0HG8lgPcFcJ,30,[],4705
Jay Sean,spotify:artist:4pADjHPWyrlAF0FA7joK2H,63,"['dance pop', 'pop', 'pop rap', 'post-teen pop']",1776477
50 Cent,spotify:artist:3q7HBObVc0L8jNeTe5Gofh,80,"['east coast hip hop', 'gangster rap', 'hip hop', 'pop rap', 'queens hip hop', 'rap']",14269957
The White Stripes,spotify:artist:4F84IBURUo98rz4r61KF70,68,"['alternative rock', 'blues rock', 'detroit rock', 'garage rock', 'modern blues rock', 'permanent wave', 'punk blues', 'rock']",3087646
The Strokes,spotify:artist:0epOFNiUfyON9EYx7Tpr6V,73,"['alternative rock', 'garage rock', 'modern rock', 'permanent wave', 'rock']",5604718
Audioslave,spotify:artist:2ziB7fzrXBoh1HUPS6sVFn,64,"['alternative metal', 'alternative rock', 'grunge', 'hard rock', 'nu metal', 'permanent wave', 'post-grunge', 'rock', 'supergroup']",4442095
Three Days Grace,spotify:artist:2xiIXseIJcq3nG7C8fHeBj,71,"['alternative metal', 'canadian metal', 'canadian rock', 'nu metal', 'post-grunge', 'rock']",6030993
Kelly Clarkson,spotify:artist:3BmGtnKgCSGYIUhmivXKWX,70,"['dance pop', 'pop', 'talent show']",10350349
Limp Bizkit,spotify:artist:165ZgPlLkK7bf5bDoFc6Sb,72,"['alternative metal', 'funk metal', 'nu metal', 'post-grunge', 'rap metal', 'rock']",5913581
Trapt,spotify:artist:1UdQqCUR7RwB9YYJONwbdM,54,"['alternative metal', 'nu metal', 'post-grunge']",1089766
DMX,spotify:artist:1HwM5zlC5qNWhJtM00yXzG,68,"['east coast hip hop', 'gangster rap', 'hardcore hip hop', 'hip hop', 'rap']",5028055
The Darkness,spotify:artist:5r1bdqzhgRoHC3YcCV6N5a,52,"['glam metal', 'hard rock']",422789
Junior Senior,spotify:artist:7xNPROyVfkH4mcIxxCxySm,49,['danish pop'],70598
Missy Elliott,spotify:artist:2wIVse2owClT7go1WT98tk,67,"['dance pop', 'hip hop', 'hip pop', 'neo soul', 'pop rap', 'r&b', 'rap', 'urban contemporary', 'virginia hip hop']",2442058
blink-182,spotify:artist:6FBDaR13swtiWwGhX1WQsP,75,"['alternative metal', 'modern rock', 'pop punk', 'punk', 'rock', 'socal pop punk']",8161802
Good Charlotte,spotify:artist:5aYyPjAsLj7UzANzdupwnS,62,"['alternative metal', 'modern rock', 'neon pop punk', 'pop punk', 'pop rock', 'post-grunge']",2535086
Kid Rock,spotify:artist:7dOBabd5O4CvKrg4iriHTM,64,['nu metal'],2598848
Matchbox Twenty,spotify:artist:3Ngh2zDBRPEriyxQDAMKd1,64,"['neo mellow', 'pop rock', 'post-grunge']",2470880
Uncle Kracker,spotify:artist:2DnqqkzzDKm3vAoyHtn8So,58,"['country', 'pop rock', 'post-grunge']",695625
Benny Benassi,spotify:artist:4Ws2otunReOa6BbwxxpCt6,63,"['dutch house', 'edm', 'electro house', 'pop dance']",546979
Fabolous,spotify:artist:0YWxKQj2Go9CGHCp77UOyy,62,"['gangster rap', 'hip hop', 'pop rap', 'rap', 'trap', 'urban contemporary']",2636017
Pharrell Williams,spotify:artist:2RdwBSPQiwcmiDo9kixcl8,76,"['dance pop', 'pop']",4459089
Wayne Wonder,spotify:artist:3kc5AFnL1TQQdNaMdSW2UO,48,"['dancehall', 'reggae fusion']",217870
Santana,spotify:artist:6GI52t8N5F02MxU0g5U69P,67,"['blues rock', 'classic rock', 'mexican classic rock']",3308718
Switchfoot,spotify:artist:6S58b0fr8TkWrEHOH4tRVu,55,"['ccm', 'christian alternative rock', 'christian music']",684817
The Roots,spotify:artist:78xUyw6FkVZrRAtziFdtdu,56,"['conscious hip hop', 'east coast hip hop', 'hip hop', 'philly rap', 'political hip hop']",1362044
Tyrese,spotify:artist:08p7B5OtcUuVblvkQIlBhJ,53,"['contemporary r&b', 'hip pop', 'r&b', 'urban contemporary']",2454367
Ja Rule,spotify:artist:1J2VVASYAamtQ3Bt8wGgA6,66,"['dance pop', 'east coast hip hop', 'gangster rap', 'hip hop', 'hip pop', 'pop rap', 'queens hip hop', 'rap', 'urban contemporary']",1838298
Monica,spotify:artist:6nzxy2wXs6tLgzEtqOkEi2,59,"['contemporary r&b', 'hip pop', 'r&b', 'urban contemporary']",2549290
Lumidee,spotify:artist:1IO0GVa1xjkFMXsg66FiE9,47,['hip pop'],148328
Floetry,spotify:artist:0un6YenPxWZ2VW4aFGMupM,45,"['british soul', 'contemporary r&b', 'hip pop', 'neo soul', 'new jack swing', 'r&b', 'urban contemporary']",727862
B2K,spotify:artist:51d3rUlLuMh7EW09aMe7yj,47,"['boy band', 'contemporary r&b', 'hip pop', 'r&b', 'urban contemporary']",832262
Ginuwine,spotify:artist:7r8RF1tN2A4CiGEplkp1oP,61,"['contemporary r&b', 'hip pop', 'r&b', 'urban contemporary']",2554754
Luther Vandross,spotify:artist:19y5MFBH7gohEdGwKM7QsP,60,"['quiet storm', 'soul']",3017863
Mis-Teeq,spotify:artist:6csA2rxNLkQJXeEa7lyGXn,42,"['girl group', 'uk garage']",115366
Room 5,spotify:artist:0AEbDFXbsssoSoC3pj91eq,45,"['disco house', 'vocal house']",30407
Craig David,spotify:artist:2JyWXPbkqI5ZJa3gwqVa0c,60,['british soul'],883529
Nas,spotify:artist:20qISvAhX20dpIbOOzGK3q,70,"['conscious hip hop', 'east coast hip hop', 'gangster rap', 'hardcore hip hop', 'hip hop', 'queens hip hop', 'rap']",3706771
Jonas Blue,spotify:artist:1HBjj22wzbscIZ9sEb5dyf,70,"['pop', 'pop dance', 'tropical house', 'uk dance']",3729013
Robbie Williams,spotify:artist:2HcwFjNelS49kFbfvMxQYw,67,"['dance rock', 'europop']",2850851
Westlife,spotify:artist:5Z1CCuBsyhEHngq3U5IraY,66,['boy band'],4040482
Ultrabeat,spotify:artist:596ByjVYnslGJIHxEBGjF8,45,"['bouncy house', 'eurodance']",45944
Jaheim,spotify:artist:4sbB4Yy6Qig51pKCIKSLw3,51,"['contemporary r&b', 'new jack swing', 'r&b', 'urban contemporary']",1414117
Youngbloodz,spotify:artist:2OqENqJFXPORP4BUGnu2Qq,44,"['atl hip hop', 'crunk', 'dirty south rap', 'old school atlanta hip hop']",590757
Meghan Trainor,spotify:artist:6JL8zeS1NmiOftqZTRgdTz,75,"['hip pop', 'pop']",14859514
Simply Red,spotify:artist:1fa0cOhromAZdq2xRA4vv8,65,"['british soul', 'new romantic', 'new wave', 'new wave pop', 'soft rock', 'sophisti-pop']",2359235
Daniel Bedingfield,spotify:artist:11hIqBsGRPztdjBHCSLClX,50,"['europop', 'talent show']",212804
Delta Goodrem,spotify:artist:2g6fa86fL6oLcoDqanBbuR,45,"['australian pop', 'australian talent show']",246320
Lil Jon & The East Side Boyz,spotify:artist:3ciRvbBIVz9fBoPbtSYq4x,59,"['atl hip hop', 'atlanta bass', 'crunk', 'dirty south rap', 'old school atlanta hip hop', 'southern hip hop']",892183
Lil' Kim,spotify:artist:5tth2a3v0sWwV1C7bApBdX,61,"['dance pop', 'east coast hip hop', 'hip hop', 'hip pop', 'pop rap', 'r&b', 'rap', 'southern hip hop', 'trap queen', 'urban contemporary']",1719350
Counting Crows,spotify:artist:0vEsuISMWAKNctLlUAhSZC,65,"['neo mellow', 'pop rock', 'post-grunge', 'rock']",1745717
Amanda Perez,spotify:artist:5DqmNLPM1kAbSBQk2FMm6b,39,"['hip pop', 'r&b', 'southern hip hop', 'urban contemporary']",513663
Vanessa Carlton,spotify:artist:5ILrArfIV0tMURcHJN8Q07,60,"['lilith', 'neo mellow', 'piano rock', 'pop rock', 'post-teen pop']",620835
The Calling,spotify:artist:5aMmmNxw4vgpc5XC6hK0zp,60,"['neo mellow', 'pop rock']",764407
Fat Joe,spotify:artist:3ScY9CQxNLQei8Umvpx5g6,64,"['bronx hip hop', 'east coast hip hop', 'gangster rap', 'hardcore hip hop', 'hip hop', 'pop rap', 'rap', 'trap']",1772282
Puddle Of Mudd,spotify:artist:3dXaa6jwM7B52GZpaJEIr5,60,"['alternative metal', 'nu metal', 'post-grunge']",2025850
Creedence Clearwater Revival,spotify:artist:3IYUhFvPQItj6xySrBmZkd,78,"['album rock', 'classic rock', 'country rock', 'rock', 'southern rock', 'swamp rock']",6521766
Las Ketchup,spotify:artist:1e8GEl48ktvfDpruMKB6Oe,50,[],50155
Chad Kroeger,spotify:artist:7fJYw1vK9yWb8o51I8qHin,54,[],67629
The Chicks,spotify:artist:25IG9fa7cbdmCIy3OnuH57,63,"['contemporary country', 'country', 'country dawn']",1414088
Big Tymers,spotify:artist:4jWGfUCFeTu5e0wprRhHXR,48,"['crunk', 'dirty south rap', 'new orleans rap']",619793
Atomic Kitten,spotify:artist:6JMHws5haIO6V35YNYDnDw,52,"['candy pop', 'dance pop', 'europop', 'girl group']",470029
Eve,spotify:artist:4d3yvTptO48nOYTPBcPFZC,64,"['contemporary r&b', 'dance pop', 'hip pop', 'philly rap', 'r&b', 'urban contemporary']",1369280
Céline Dion,spotify:artist:4S9EykWXhStSc15wEx8QFK,71,['canadian pop'],8153173
Marilyn Manson,spotify:artist:2VYQTNDsvvKN9wmU5W7xpj,66,"['alternative metal', 'hard rock', 'industrial', 'industrial metal', 'industrial rock', 'nu metal', 'post-grunge', 'rock']",4291355
Mario,spotify:artist:20s0P9QLxGqKuCsGwFsp7w,65,"['dance pop', 'r&b', 'southern hip hop', 'urban contemporary']",3381729
Khia,spotify:artist:3q7isf09BuwXLyR2khBs60,44,"['hip pop', 'trap queen']",231164
DJ Sammy,spotify:artist:4z4m1P0iX2nRSPDBEZ8LBT,50,['eurodance'],90711
Elvis Presley,spotify:artist:43ZHCT0cAZBISjO8DG9PnE,75,"['rock-and-roll', 'rockabilly']",9371272
Michelle Branch,spotify:artist:5rScKX1Sh1U67meeUyTGwk,53,"['candy pop', 'lilith', 'neo mellow', 'pop rock']",647955
Musiq Soulchild,spotify:artist:3UVRliakQfa1pMWIsNuiZ8,54,"['contemporary r&b', 'neo soul', 'new jack swing', 'r&b', 'urban contemporary']",1127872
Tweet,spotify:artist:6zDBeei6hHRiZdAJ6zoTCo,42,"['contemporary r&b', 'hip pop', 'neo soul', 'r&b', 'urban contemporary']",600707
Ronan Keating,spotify:artist:3nlHsNqwCSvT988ZfSW1Yh,58,"['europop', 'talent show']",1076886
Alanis Morissette,spotify:artist:6ogn9necmbUdCppmNnGOdi,65,"['canadian pop', 'canadian singer-songwriter', 'lilith', 'neo mellow', 'pop rock', 'singer-songwriter']",2783218
Stereophonics,spotify:artist:21UJ7PRWb3Etgsu99f8yo8,60,"['britpop', 'welsh rock']",1536325
Truth Hurts,spotify:artist:0HCeK90YUyjWi0utTPYXw1,39,['hip pop'],45802
The Goo Goo Dolls,spotify:artist:2sil8z5kiy4r76CRTXxBCA,69,"['neo mellow', 'permanent wave', 'pop rock', 'post-grunge']",2752592
Richy Mitch & The Coal Miners,spotify:artist:4qU7IJSReZnsLy5907Mtau,70,['modern folk rock'],162036
Holly Valance,spotify:artist:7gRmesSjINzb4xXApfMV5E,33,"['australian pop', 'bubblegum dance', 'europop', 'talent show']",120524
Faith Evans,spotify:artist:5NDMothbpdpq2xHqSjrrWn,61,"['contemporary r&b', 'hip pop', 'r&b', 'urban contemporary']",1620096
Brandy,spotify:artist:05oH07COxkXKIMt6mIPRee,62,"['contemporary r&b', 'dance pop', 'hip pop', 'r&b', 'urban contemporary']",3558318
Dirty Vegas,spotify:artist:2IkHcHKErbWa0TA14yHkbl,35,[],45008
Gareth Gates,spotify:artist:4nNwfeVaNJlfz8RdCT5MJO,41,"['europop', 'talent show']",156914
Banda Arkangel R-15,spotify:artist:2W5zpA1UnG5QaA3p3668xE,47,"['banda', 'duranguense', 'grupera', 'musica nayarita', 'norteno', 'tecnobanda']",125318
*NSYNC,spotify:artist:6Ff53KvcvAj5U7Z1vojB5o,66,"['boy band', 'dance pop', 'pop']",2349564
Darius Rucker,spotify:artist:7FY5V3XMwlNBPitEjXowHQ,64,"['black americana', 'contemporary country', 'country', 'country road', 'modern country rock']",2542064
Charli Baltimore,spotify:artist:6xzdpjZ5OURzMdpjCFW008,29,['hip pop'],83682
Big Brovaz,spotify:artist:0tTPYQGpkJ49RMbtCOQfDY,33,['uk garage'],40978
Aaliyah,spotify:artist:0urTpYCsixqZwgNTkPJOJ4,64,"['contemporary r&b', 'dance pop', 'hip pop', 'r&b', 'urban contemporary']",4280473
Liberty X,spotify:artist:6htUPs3clIStnkvg5jimKZ,34,"['europop', 'girl group', 'talent show']",141865
Blazin' Squad,spotify:artist:5dEFm1RwaTSXpQSpzpYKF2,25,[],25292
Angie Martinez,spotify:artist:6VJqy1YyzrK4ZhgGs9cNTy,34,[],19724
Shaggy,spotify:artist:5EvFsr3kj42KNv97ZEnqij,69,"['dance pop', 'pop rap', 'reggae fusion']",2159915
Sophie Ellis-Bextor,spotify:artist:2cBh5lVMg222FFuRU7EfDE,68,"['dance pop', 'europop', 'new wave pop']",492668
Jimmy Eat World,spotify:artist:3Ayl7mCk0nScecqOzvNp6s,65,"['alternative metal', 'alternative rock', 'emo', 'modern power pop', 'modern rock', 'neon pop punk', 'pop punk', 'pop rock', 'post-grunge', 'punk', 'rock']",1540832
Incubus,spotify:artist:3YcBF2ttyueytpXtEzn1Za,67,"['alternative metal', 'alternative rock', 'funk metal', 'funk rock', 'nu metal', 'post-grunge', 'rock']",3219132
Weezer,spotify:artist:3jOstUTkEu2JkjvRdBA5Gu,70,"['alternative rock', 'modern power pop', 'modern rock', 'permanent wave', 'rock']",3504700
Alien Ant Farm,spotify:artist:6TZdvF1kFzwnQLgHQynzsO,57,"['alternative metal', 'funk metal', 'nu metal', 'post-grunge']",833452
Sum 41,spotify:artist:0qT79UgT5tY4yudH9VfsdT,70,"['alternative metal', 'canadian pop punk', 'canadian punk', 'modern rock', 'pop punk', 'post-grunge', 'punk', 'rock']",3808662
Crazy Town,spotify:artist:4iSKnRZAxkmqNok6tv10Se,55,"['alternative metal', 'funk metal', 'nu metal', 'post-grunge', 'rap rock']",520106
Enya,spotify:artist:6uothxMWeLWIhsGeF7cyo4,68,"['celtic', 'gregorian dance', 'operatic pop']",2136544
Blu Cantrell,spotify:artist:6vytZ677lz4LzCrUDcDokM,55,"['hip pop', 'urban contemporary']",279863
Lasgo,spotify:artist:25Kw8f1zcn9VtUk5Nl3qrp,51,"['belgian dance', 'belgian pop', 'eurodance']",125357
Daryl Hall & John Oates,spotify:artist:77tT1kLj6mCWtFNqiOmP9H,73,"['album rock', 'classic rock', 'heartland rock', 'mellow gold', 'rock', 'singer-songwriter', 'soft rock', 'yacht rock']",2385442
Lenny Kravitz,spotify:artist:5gznATMVO85ZcLTkE9ULU7,67,"['permanent wave', 'rock']",3188550
Michael Jackson,spotify:artist:3fMbdgg4jU18AjLCKBhRSm,79,"['r&b', 'soul']",30685439
Gabrielle Aplin,spotify:artist:3w6zswp5THsSKYLICUbDTZ,51,"['acoustic pop', 'indie anthem-folk', 'neo-singer-songwriter', 'uk pop', 'viral pop']",672755
Travis Scott,spotify:artist:0Y5tJX1MQlPlqiwlOH1tJY,90,"['rap', 'slap house']",29213926
Afroman,spotify:artist:4Icvbp9RDt5aY2TWDOVDsr,55,['comedy rap'],455545
Jagged Edge,spotify:artist:7Aq8lpLMSt1Zxu56pe9bmp,58,"['atl hip hop', 'contemporary r&b', 'r&b', 'urban contemporary']",2087525
Jamiroquai,spotify:artist:6J7biCazzYhU3gM9j1wfid,65,['dance pop'],2369589
Staind,spotify:artist:5KDIH2gF0VpelTqyQS7udb,62,"['alternative metal', 'nu metal', 'post-grunge']",2500666
Rui Da Silva,spotify:artist:1kx78nQhmITF7OFvivyN4v,50,"['classic house', 'portuguese electronic']",34550
Sueño Profundo Club,spotify:artist:0ABU5rOo3hIfRLxQVIDz0x,69,['musica de fondo'],11760
Lifehouse,spotify:artist:5PokPZn11xzZXyXSfnvIM3,61,"['neo mellow', 'pop rock', 'post-grunge']",1988238
112,spotify:artist:7urq0VfqxEYEEiZUkebXT4,61,"['atl hip hop', 'boy band', 'contemporary r&b', 'hip pop', 'r&b', 'urban contemporary']",1164710
Janet Jackson,spotify:artist:4qwGe91Bz9K2T8jXTZ815W,62,"['dance pop', 'r&b', 'urban contemporary']",3866627
Sunshine Anderson,spotify:artist:0hnmRa5ahunapQbPjKUbMK,41,"['contemporary r&b', 'hip pop', 'r&b']",172324
The Supermen Lovers,spotify:artist:08dJ0NJ9jMf8qdLmdhQ2yA,43,['filter house'],30058
Old Town School of Folk Music,spotify:artist:68xJjwAFcVSDmF9vTlnqi8,44,"[""children's folk""]",12117
Trick Daddy,spotify:artist:12FHARd9fY0Tu0ila4Ua25,54,"['crunk', 'dirty south rap', 'miami hip hop', 'southern hip hop']",1055720
Faith Hill,spotify:artist:25NQNriVT2YbSW80ILRWJa,58,"['contemporary country', 'country', 'country dawn', 'country road']",1819835
Sugar Ray,spotify:artist:4uN3DsfENc7dp0OLO0FEIb,58,"['alternative metal', 'funk metal', 'pop rock', 'post-grunge']",956614
Geri Halliwell,spotify:artist:5orH1OWgjAYUX8sZ5gihTv,41,"['bubblegum dance', 'europop', 'talent show']",200344
City High,spotify:artist:0LlPal5iJGcCWwZp8VefVs,42,[],37445
Casey Donahew,spotify:artist:4bbloxL2d1IeYwuT2eIgib,49,['classic texas country'],245453
iio,spotify:artist:5WVf5DCSYmK4JYD6vIcttw,40,['vocal house'],32113
2Pac,spotify:artist:1ZwdS5xdxEREPySFridCfh,76,"['g funk', 'gangster rap', 'hip hop', 'rap', 'west coast rap']",17715246
Erick Sermon,spotify:artist:2VX0o9LDIVmKIgpnwdJpOJ,45,"['hardcore hip hop', 'hip hop']",230706
Lonestar,spotify:artist:3qbnxnvUqR14MJ9g8QwZJK,54,"['contemporary country', 'country', 'country road']",1402701
DJ Pied Piper & The Masters Of Ceremonies,spotify:artist:7KMddxPqjqv0fiucwg0c3D,35,['uk garage'],7574
OPM,spotify:artist:5X2XAU0eSvRPWUl9hUb9mV,36,['rap rock'],44245
3LW,spotify:artist:2lFHVcUeJ9Gq6AZiU3ZAOa,38,"['contemporary r&b', 'girl group', 'hip pop', 'r&b', 'urban contemporary']",623044
Faithless,spotify:artist:5T4UKHhr4HGIC0VzdZQtAE,56,"['big beat', 'downtempo', 'electronica', 'trip hop']",654527
Billy Joel,spotify:artist:6zFYqv1mOsgBRQbae3JJ9e,75,"['album rock', 'classic rock', 'heartland rock', 'mellow gold', 'piano rock', 'rock', 'singer-songwriter', 'soft rock']",5907984
Emma Bunton,spotify:artist:2AEEnr6Le5zHzBwpnlZSmq,36,"['europop', 'talent show']",197028
Eve 6,spotify:artist:4Eqd24yS5YcxI8b6Xfuwr8,48,"['alternative metal', 'pop rock', 'post-grunge']",436390
So Solid Crew,spotify:artist:5Wri8vAevy1yYWqN8oGGpH,36,"['grime', 'uk garage']",64550
Wyclef Jean,spotify:artist:7aBzpmFXB4WWpPl2F7RjBe,69,['rap kreyol'],328360
Rvssian,spotify:artist:1fctva4kpRbg2k3v7kwRuS,73,"['reggaeton', 'reggaeton flow', 'trap latino', 'urbano latino']",2464375
FloyyMenor,spotify:artist:7CvTknweLr9feJtRGrpDBy,78,['reggaeton chileno'],299261
Danny Ocean,spotify:artist:5H1nN1SzW0qNeUEZvuXjAj,74,"['pop venezolano', 'reggaeton', 'trap latino', 'urbano latino']",5375413
Lyanno,spotify:artist:1Ts9of7VPZElwPQnqnDSfW,70,"['reggaeton', 'reggaeton flow', 'trap boricua', 'trap latino', 'urbano latino']",1353072
Young Miko,spotify:artist:3qsKSpcV3ncke3hw52JSMB,79,"['trap latino', 'urbano latino']",2902119
Ryan Castro,spotify:artist:7j6DKwmjbxvpQO8h914uEz,75,"['reggaeton', 'trap colombiano', 'trap latino', 'urbano latino']",2441231
Rels B,spotify:artist:2IMZYfNi21MGqxopj9fWx8,82,"['r&b en espanol', 'spanish hip hop', 'trap latino', 'urbano espanol', 'urbano latino']",6926910
SAIKO,spotify:artist:2O8vbr4RYPpk6MRA4fio7u,78,"['trap latino', 'urbano espanol', 'urbano latino']",884251
Pablo Chill-E,spotify:artist:2XcZshqzPKm3iZcmt73R8D,72,"['trap chileno', 'urbano chileno', 'urbano latino']",1319283
iZaak,spotify:artist:4s6Xg38sbqh4xpf4OqhVUK,69,"['reggaeton flow', 'trap latino', 'urbano latino']",152182
Xavi,spotify:artist:3Me35AWHCGqW4sZ7bWWJt1,80,['sad sierreno'],4286967
Chencho Corleone,spotify:artist:37230BxxYs9ksS7OkZw3IU,76,"['reggaeton', 'reggaeton flow', 'trap latino', 'urbano latino']",905095
Yeri Mua,spotify:artist:2Atk4SWx7daQtItQBa735M,66,['urbano mexicano'],1454840
Kidd Voodoo,spotify:artist:10VBp06W8NIgMW4JruLCC4,72,['urbano chileno'],248130
Darell,spotify:artist:1TtXnWcUs0FCkaZDPGYHdf,74,"['latin hip hop', 'reggaeton', 'trap latino', 'urbano latino']",4359233
Luis R Conriquez,spotify:artist:0pePYDrJGk8gqMRbXrLJC8,80,"['corrido', 'corridos tumbados', 'norteno', 'sad sierreno', 'sierreno']",4972549
Sevdaliza,spotify:artist:5MraexJKZDrQYzS98kNwie,67,"['alternative r&b', 'art pop', 'escape room', 'persian electronic']",460529
Belinda,spotify:artist:5LeiVcEnsZcwc133TUhJNW,69,"['latin arena pop', 'latin pop', 'mexican pop']",2092224
Bhavi,spotify:artist:7fT2Me47PQ8T7954PKrcwR,70,"['argentine hip hop', 'trap argentino', 'trap triste']",1364463
Key Glock,spotify:artist:0RESbWvOMyua0yuyVrztJ5,74,"['memphis hip hop', 'rap', 'southern hip hop', 'tennessee hip hop', 'trap']",1982130
The Academy: Segunda Misión,spotify:artist:4C3ZmIqca9MWwThLaYbfXu,72,[],84197
Gonzy,spotify:artist:4ixNZvQuuzCDxBsxO9zE6L,64,['urbano latino'],64315
Gaby Music,spotify:artist:1r3tpVQ08jFAA2P4xzV5o4,68,"['pop reggaeton', 'trap latino', 'urbano latino']",37293
Renn,spotify:artist:25HXdVQcRMRgDKWbk5cn0G,62,[],7711
El Malilla,spotify:artist:6BV37tKh6pY97mnNdTCzly,67,"['reggaeton mexicano', 'urbano mexicano']",534753
Alvaro Diaz,spotify:artist:5J7rXWjtn5HzUkJ4Jet8Fr,69,"['trap boricua', 'urbano latino']",646406
Bb trickz,spotify:artist:5QS9NAK4AgJPTcRe472pZA,56,[],122636
Ela Taubert,spotify:artist:5xS8cfsAaFyy188dNJGDbM,63,['colombian pop'],153644
Camilo,spotify:artist:28gNT5KBp7IjEOQoevXf9N,77,"['colombian pop', 'latin pop', 'latin viral pop', 'reggaeton colombiano']",18746976
Oscar Ortiz,spotify:artist:0FvHxb8a4I0A2i8jKCsFei,68,['corrido'],148903
Julión Álvarez y su Norteño Banda,spotify:artist:1bfl0AU8SqmLkElptOprhC,79,"['banda', 'musica mexicana', 'norteno', 'sad sierreno', 'sierreno']",5037377
Mesita,spotify:artist:2IKdK6PbitvCiXt1t2bPU6,68,['rap uruguayo'],393388
Tiago PZK,spotify:artist:5Y3MV9DZ0d87NnVm56qSY1,77,"['trap argentino', 'trap latino', 'urbano latino']",4914314
Eladio Carrion,spotify:artist:5XJDexmWFLWOkjOEjOVX3e,79,"['trap boricua', 'trap latino', 'trap triste', 'urbano latino']",6696631
Timbaland,spotify:artist:5Y5TRrQiqgUO4S36tzjIRZ,74,"['dance pop', 'pop', 'pop rap']",2814310
Kings of Leon,spotify:artist:2qk9voo8llSGYcZ6xrBzKx,73,"['modern rock', 'rock']",5325920
The Game,spotify:artist:0NbfKEOTQCcwd6o7wSDOHI,68,"['detroit hip hop', 'gangster rap', 'hip hop', 'pop rap', 'rap', 'southern hip hop', 'trap']",4779297
Toploader,spotify:artist:6xeFne1rkxMhKSW3ipvkdV,61,['british alternative rock'],89361
MGMT,spotify:artist:0SwO7SWeDHJijQ3XNS7xEE,71,"['alternative rock', 'indie rock', 'indietronica', 'modern rock', 'rock']",3072327
Iyaz,spotify:artist:5tKXB9uuebKE34yowVaU3C,63,"['dance pop', 'pop rap', 'post-teen pop']",938604
Empire Of The Sun,spotify:artist:67hb7towEyKvt5Z8Bx306c,73,"['australian dance', 'australian electropop', 'dance rock', 'indietronica', 'neo-synthpop']",1476562
Foo Fighters,spotify:artist:7jy3rLJdDQY21OgRLCZ9sD,75,"['alternative metal', 'alternative rock', 'modern rock', 'permanent wave', 'post-grunge', 'rock']",11649236
Sean Kingston,spotify:artist:6S0dmVVn4udvppDhZIWxCr,68,"['dance pop', 'miami hip hop', 'pop']",3245169
Owl City,spotify:artist:07QEuhtrNmmZ0zEcqE9SF6,65,"['indietronica', 'pop']",2340856
Plain White T's,spotify:artist:1g1yxsNVPhMUl9GrMjEb2o,60,"['modern rock', 'neo mellow', 'neon pop punk', 'pop punk', 'pop rock']",1234456
Mike Posner,spotify:artist:2KsP6tYLJlTBvSUxnwlVWa,67,"['dance pop', 'pop', 'pop dance', 'pop rap']",1358756
Soulja Boy,spotify:artist:6GMYJwaziB4ekv1Y6wCDWS,65,"['atl hip hop', 'chicago bop', 'dance pop', 'pop rap', 'rap', 'southern hip hop', 'trap']",2028914
Wheatus,spotify:artist:4mYFgEjpQT4IKOrjOUKyXu,60,['pop rock'],205458
